n_test	n_gallery_kos	recall@1	recall@10	recall@100	recall@1000	pct_partially_accurate	ranking_score	ndcg	median_rank_true	cell	fold	method	alpha
4851	3677	0.004329004329004329	0.027004741290455575	0.15914244485673057	0.6386312100597815	0.4329004329004329	0.910726472316618	0.11966355090271386	601.0	A549	1	pearson_train_gallery	0.7325584292411804
4851	3677	0.008245722531436817	0.03896103896103896	0.2026386312100598	0.6639868068439497	0.8245722531436818	0.9164771827945721	0.13005565225115237	541.0	A549	1	gallery_dual	0.7325584292411804
4851	3677	0.007215007215007215	0.05071119356833643	0.24778396206967634	0.7458256029684601	0.7215007215007215	0.9309861456318023	0.13877347658054093	374.0	A549	1	gallery_fuse	0.7325584292411804
4851	3683	0.0035044320758606472	0.0282415996701711	0.16470830756545043	0.6448155019583591	0.35044320758606473	0.9131329752030442	0.12098196619350643	578.0	A549	2	pearson_train_gallery	0.8057683706283569
4851	3683	0.010719439290867862	0.044320758606472895	0.1999587713873428	0.6767676767676768	1.0719439290867863	0.919688482358455	0.13260204248896337	516.0	A549	2	gallery_dual	0.8057683706283569
4851	3683	0.010925582354153782	0.049474335188620905	0.2401566687280973	0.756338899196042	1.0925582354153782	0.9337715777885351	0.14082935616239928	355.0	A549	2	gallery_fuse	0.8057683706283569
4851	3682	0.0041228612657184084	0.02865388579674294	0.16512059369202226	0.6439909297052154	0.4122861265718409	0.9119484605406859	0.12166019710860444	573.0	A549	3	pearson_train_gallery	0.7829266786575317
4851	3682	0.006596578025149453	0.041022469593898166	0.1999587713873428	0.6730571016285302	0.6596578025149453	0.9187998510906845	0.12983511554836236	514.0	A549	3	gallery_dual	0.7829266786575317
4851	3682	0.0070088641517212944	0.05009276437847866	0.24572253143681716	0.7437641723356009	0.7008864151721295	0.9319251392119733	0.13850040488744383	350.0	A549	3	gallery_fuse	0.7829266786575317
4851	3678	0.0024737167594310453	0.025561739847454135	0.16470830756545043	0.6652236652236653	0.24737167594310452	0.9142314430268356	0.11949129555960543	556.0	A549	4	pearson_train_gallery	0.6843894720077515
4851	3678	0.00927643784786642	0.04308390022675737	0.19027004741290457	0.6602762317048031	0.9276437847866419	0.9172185745134074	0.13081656240633668	549.0	A549	4	gallery_dual	0.6843894720077515
4851	3678	0.007215007215007215	0.049474335188620905	0.24592867450010308	0.7520098948670377	0.7215007215007215	0.9332225939568763	0.1389028247660808	356.0	A549	4	gallery_fuse	0.6843894720077515
4851	3675	0.002886002886002886	0.025974025974025976	0.1583178726035869	0.6551226551226551	0.2886002886002886	0.9147821197093313	0.11957834440460666	572.0	A549	5	pearson_train_gallery	0.6857950091362
4851	3675	0.01030715316429602	0.04555761698618842	0.18408575551432693	0.6542980828695114	1.0307153164296021	0.9153019788118173	0.1306818560736854	568.0	A549	5	gallery_dual	0.6857950091362
4851	3675	0.00927643784786642	0.04329004329004329	0.23850752422180993	0.7534528963100392	0.9276437847866419	0.9333583105779555	0.1382024480020633	361.0	A549	5	gallery_fuse	0.6857950091362
4359	3658	0.004588208304657031	0.021335168616655197	0.1553108511126405	0.6217022252810278	0.45882083046570316	0.9043641585060698	0.11701080614455722	658.0	A375	1	pearson_train_gallery	0.7517154216766357
4359	3658	0.005047029135122735	0.034182151869694886	0.21381050699701767	0.700160587290663	0.5047029135122735	0.9220626282726629	0.1296263273263708	452.0	A375	1	gallery_dual	0.7517154216766357
4359	3658	0.004588208304657031	0.03762330809818766	0.23514567561367286	0.7377838953888507	0.45882083046570316	0.9283132271674338	0.1329987818777919	370.0	A375	1	gallery_fuse	0.7517154216766357
4359	3663	0.004588208304657031	0.02798807065840789	0.16471667813718743	0.6301904106446433	0.45882083046570316	0.906717434960349	0.11979794958458068	644.0	A375	2	pearson_train_gallery	0.7148098349571228
4359	3663	0.004817618719889883	0.03670566643725625	0.21862812571690754	0.6859371415462262	0.4817618719889883	0.9210714708067754	0.12957891742526279	482.0	A375	2	gallery_dual	0.7148098349571228
4359	3663	0.0066529020417526955	0.04381738930947465	0.2477632484514797	0.7421426932782749	0.6652902041752695	0.9297388429168914	0.13571647187419297	362.0	A375	2	gallery_fuse	0.7148098349571228
4359	3651	0.0041293874741913286	0.027070428997476484	0.1605872906629961	0.6269786648313833	0.41293874741913283	0.9067130034601666	0.11903148723283008	663.0	A375	3	pearson_train_gallery	0.748130738735199
4359	3651	0.0055058499655884375	0.04611149346180317	0.22918100481761872	0.70314292268869	0.5505849965588437	0.9252228873325974	0.13343365869432705	414.0	A375	3	gallery_dual	0.748130738735199
4359	3651	0.005964670796054141	0.047487955953200274	0.25510438173893096	0.7414544620325763	0.5964670796054141	0.9311139352826282	0.13689809618607157	352.0	A375	3	gallery_fuse	0.748130738735199
4359	3636	0.0034411562284927736	0.02752924982794219	0.16379903647625602	0.6226198669419591	0.3441156228492774	0.9053615457620686	0.11837471674574185	646.0	A375	4	pearson_train_gallery	0.7083109617233276
4359	3636	0.006423491626519844	0.0364762560220234	0.2188575361321404	0.6836430373938976	0.6423491626519844	0.9187174022485989	0.13027839945062553	464.0	A375	4	gallery_dual	0.7083109617233276
4359	3636	0.006882312456985547	0.041752695572378984	0.2420279880706584	0.7315898141775636	0.6882312456985548	0.9268839077970512	0.1361252479139306	364.0	A375	4	gallery_fuse	0.7083109617233276
4358	3655	0.0025240936209270305	0.023864157870582835	0.1564938044974759	0.6291877007801744	0.2524093620927031	0.9073957467707722	0.1168337123364892	618.0	A375	5	pearson_train_gallery	0.6879645586013794
4358	3655	0.0073428178063331805	0.03763194125745755	0.2143184947223497	0.692748967416246	0.7342817806333181	0.9219206982871726	0.13170329005252598	463.5	A375	5	gallery_dual	0.6879645586013794
4358	3655	0.0052776502983019734	0.042450665442863696	0.2469022487379532	0.7379531895364846	0.5277650298301974	0.9303801035401721	0.13478961360130456	361.0	A375	5	gallery_fuse	0.6879645586013794
4257	3680	0.0018792576932111817	0.021611463471928587	0.14047451256753582	0.633779657035471	0.18792576932111815	0.9105369168652067	0.1152769485339064	652.0	AGS	1	pearson_train_gallery	0.6340867877006531
4257	3680	0.006577401926239136	0.02865867982147052	0.15644820295983086	0.6039464411557435	0.6577401926239136	0.9039270716137301	0.1196147394776735	697.0	AGS	1	gallery_dual	0.6340867877006531
4257	3680	0.005402865867982147	0.03406154568945267	0.20977214000469815	0.7272727272727273	0.5402865867982147	0.928767369345249	0.13061624919570017	409.0	AGS	1	gallery_fuse	0.6340867877006531
4257	3679	0.0028188865398167725	0.021611463471928587	0.12990368804322291	0.617805966643176	0.28188865398167723	0.9078788659181378	0.11440191672964656	677.0	AGS	2	pearson_train_gallery	0.742710292339325
4257	3679	0.0072821235611933285	0.02865867982147052	0.16983791402396053	0.6044162555790463	0.7282123561193329	0.9051193418950392	0.12183425614433574	656.0	AGS	2	gallery_dual	0.742710292339325
4257	3679	0.005872680291284942	0.03382663847780127	0.2154099130843317	0.7108292224571294	0.5872680291284943	0.9265715042558189	0.12994487999720825	433.0	AGS	2	gallery_fuse	0.742710292339325
4257	3681	0.003993422598073761	0.022081277895231382	0.13883016208597604	0.6232088325111581	0.3993422598073761	0.9088543139494987	0.11586879076021749	665.0	AGS	3	pearson_train_gallery	0.6957515478134155
4257	3681	0.005872680291284942	0.027953958186516328	0.1738313366220343	0.6307258632840028	0.5872680291284943	0.909666865798536	0.12126867489195729	613.0	AGS	3	gallery_dual	0.6957515478134155
4257	3681	0.006577401926239136	0.036645525017618044	0.21893352125910265	0.7329105003523608	0.6577401926239136	0.9289869975044067	0.1315815711452909	417.0	AGS	3	gallery_fuse	0.6957515478134155
4257	3679	0.002583979328165375	0.020202020202020204	0.13765562602771905	0.6199201315480385	0.25839793281653745	0.9081590403369617	0.11424101356821505	678.0	AGS	4	pearson_train_gallery	0.6979724168777466
4257	3679	0.007047216349541931	0.031007751937984496	0.17430115104533708	0.6412966878083157	0.704721634954193	0.9118683427063854	0.12403968724952384	583.0	AGS	4	gallery_dual	0.6979724168777466
4257	3679	0.00516795865633075	0.03218228799624148	0.21869861404745125	0.7268029128494244	0.5167958656330749	0.9287612971823498	0.1308432536092275	404.0	AGS	4	gallery_fuse	0.6979724168777466
4256	3686	0.0030545112781954886	0.019031954887218046	0.12453007518796992	0.6289943609022557	0.30545112781954886	0.9091149144207102	0.11307869077174452	671.0	AGS	5	pearson_train_gallery	0.6969751119613647
4256	3686	0.007988721804511278	0.039473684210526314	0.1886748120300752	0.6320488721804511	0.7988721804511278	0.9094338326920324	0.1266679317330565	613.5	AGS	5	gallery_dual	0.6969751119613647
4256	3686	0.00775375939849624	0.04017857142857143	0.22697368421052633	0.7333176691729323	0.775375939849624	0.9292115454509734	0.13470857434038247	395.0	AGS	5	gallery_fuse	0.6969751119613647
4237	3676	0.00401227283455275	0.018881283927307056	0.12013216898749116	0.5924002832192589	0.401227283455275	0.9037638613177096	0.11332359956365333	734.0	BICR6	1	pearson_train_gallery	0.7184507846832275
4237	3676	0.009204625914562191	0.03563842341279207	0.17654000472032097	0.64550389426481	0.920462591456219	0.9126218634378895	0.1259475244027018	592.0	BICR6	1	gallery_dual	0.7184507846832275
4237	3676	0.009676658012744867	0.036818503658248763	0.20486193061128158	0.7122964361576587	0.9676658012744866	0.9261879188150602	0.13223506135944815	448.0	BICR6	1	gallery_fuse	0.7184507846832275
4237	3678	0.0016521123436393675	0.017937219730941704	0.12060420108567382	0.5935803634647157	0.16521123436393675	0.9027815403205538	0.11067320195568191	755.0	BICR6	2	pearson_train_gallery	0.7128904461860657
4237	3678	0.008496577767288176	0.03422232711824404	0.1890488553221619	0.6535284399339155	0.8496577767288176	0.915066730696702	0.12739738138427006	555.0	BICR6	2	gallery_dual	0.7128904461860657
4237	3678	0.00519235308000944	0.03162615057823932	0.21807882936039652	0.7113523719612934	0.5192353080009441	0.92684242506094	0.12920849546704552	418.0	BICR6	2	gallery_fuse	0.7128904461860657
4237	3681	0.00259617654000472	0.01746518763275903	0.1229643615765872	0.5983006844465424	0.25961765400047204	0.9050883130825573	0.11220308136797554	723.0	BICR6	3	pearson_train_gallery	0.7351694107055664
4237	3681	0.006844465423648808	0.03162615057823932	0.1878687750767052	0.6414916214302573	0.6844465423648808	0.912625387380392	0.12470216229838528	566.0	BICR6	3	gallery_dual	0.7351694107055664
4237	3681	0.005428369129100779	0.03280623082369601	0.21902289355676186	0.7163087089922114	0.5428369129100779	0.9270585088102526	0.12950343833315978	436.0	BICR6	3	gallery_fuse	0.7351694107055664
4236	3668	0.003777148253068933	0.023607176581680833	0.13503305004721436	0.5915958451369216	0.3777148253068933	0.9025773282632977	0.11424991144226268	730.5	BICR6	4	pearson_train_gallery	0.7145476341247559
4236	3668	0.007790368271954674	0.03895184135977337	0.1954674220963173	0.6456562795089708	0.7790368271954674	0.9124105896912333	0.1275113911051347	585.5	BICR6	4	gallery_dual	0.7145476341247559
4236	3668	0.007318224740321058	0.04320113314447592	0.22001888574126535	0.7075070821529745	0.7318224740321058	0.9253622190358262	0.13313052042300366	421.0	BICR6	4	gallery_fuse	0.7145476341247559
4236	3677	0.003777148253068933	0.01794145420207743	0.1277148253068933	0.5934844192634561	0.3777148253068933	0.903215268371036	0.11283972598378005	745.0	BICR6	5	pearson_train_gallery	0.6089334487915039
4236	3677	0.006137865911237016	0.033050047214353166	0.17492917847025496	0.6227573182247403	0.6137865911237016	0.9093055718576372	0.12303479909363689	634.5	BICR6	5	gallery_dual	0.6089334487915039
4236	3677	0.005429650613786591	0.03517469310670444	0.20939565627950896	0.697119924457035	0.5429650613786591	0.9233095666607097	0.12859215786590097	475.0	BICR6	5	gallery_fuse	0.6089334487915039
4742	3571	0.004850274145929988	0.026360185575706453	0.15099114297764657	0.6159848165331084	0.48502741459299875	0.9107058405591137	0.11932559397210676	636.5	ES2	1	pearson_train_gallery	0.8109577894210815
4742	3571	0.020244622522142555	0.059046815689582456	0.20539856600590467	0.6547870097005483	2.0244622522142555	0.9160228641499745	0.14129388960272515	552.5	ES2	1	gallery_dual	0.8109577894210815
4742	3571	0.018346689160691692	0.06389708983551244	0.2557992408266554	0.7507380851961197	1.8346689160691692	0.9343348983746463	0.14993982915901996	361.0	ES2	1	gallery_fuse	0.8109577894210815
4742	3573	0.0029523407844791226	0.02488401518346689	0.1547870097005483	0.6263180092787853	0.2952340784479123	0.9136596769569589	0.1188910379696703	604.5	ES2	2	pearson_train_gallery	0.8321725130081177
4742	3573	0.01433994095318431	0.05082243778996204	0.2079291438211725	0.65858287642345	1.4339940953184311	0.9162767051606059	0.13700450238361894	534.0	ES2	2	gallery_dual	0.8321725130081177
4742	3573	0.016026992830029525	0.061366512020244623	0.25959510754955717	0.7589624630957402	1.6026992830029523	0.9361714722298445	0.1486568585662642	335.0	ES2	2	gallery_fuse	0.8321725130081177
4742	3570	0.003795866722901729	0.030366933783213833	0.15900463939266132	0.616828342471531	0.3795866722901729	0.9113924058105998	0.12025056181370337	619.0	ES2	3	pearson_train_gallery	0.8101035356521606
4742	3570	0.018768452129902996	0.05335301560522986	0.1952762547448334	0.6391817798397301	1.8768452129902995	0.9121922834536831	0.13801272752456334	593.5	ES2	3	gallery_dual	0.8101035356521606
4742	3570	0.01581611134542387	0.061577393504850274	0.24820750738085195	0.7361872627583298	1.581611134542387	0.9328668751394268	0.14780136359992907	358.0	ES2	3	gallery_fuse	0.8101035356521606
4741	3580	0.004429445264712086	0.028685931238135415	0.1636785488293609	0.6197004851297194	0.44294452647120863	0.9114526264140561	0.12024309514037072	611.0	ES2	4	pearson_train_gallery	0.8066465258598328
4741	3580	0.018561484918793503	0.05758278844125712	0.20185614849187936	0.6321451170639105	1.8561484918793503	0.911442843826841	0.13940014484982244	586.0	ES2	4	gallery_dual	0.8066465258598328
4741	3580	0.017717781058848345	0.061801307740982914	0.26175912254798567	0.7452014342965619	1.7717781058848345	0.9320166482706788	0.14965651614404907	357.0	ES2	4	gallery_fuse	0.8066465258598328
4741	3574	0.005273149124657245	0.027420375448217675	0.16831892005905927	0.6294030795190888	0.5273149124657245	0.9137931054844766	0.1216091636291191	604.0	ES2	5	pearson_train_gallery	0.7796910405158997
4741	3574	0.018139632988820924	0.06475427125079097	0.21978485551571397	0.6614638261970048	1.8139632988820924	0.9181948366992914	0.1435125259430466	534.0	ES2	5	gallery_dual	0.7796910405158997
4741	3574	0.01898333684876608	0.07023834634043451	0.27610208816705334	0.7572242143007805	1.8983336848766084	0.9372034271886953	0.1541888402579344	326.0	ES2	5	gallery_fuse	0.7796910405158997
4105	3657	0.00243605359317905	0.01997563946406821	0.13471376370280147	0.6358099878197321	0.243605359317905	0.905183774737333	0.11441304031263405	625.0	HT29	1	pearson_train_gallery	0.6327509880065918
4105	3657	0.008038976857490865	0.03751522533495737	0.18660170523751524	0.6528623629719854	0.8038976857490865	0.9124724534533265	0.12719068006278703	550.0	HT29	1	gallery_dual	0.6327509880065918
4105	3657	0.0048721071863581	0.03678440925700365	0.21144945188794154	0.7237515225334957	0.48721071863581	0.924039525174145	0.13030635230224286	420.0	HT29	1	gallery_fuse	0.6327509880065918
4105	3651	0.002679658952496955	0.019732034104750305	0.14421437271619975	0.633373934226553	0.2679658952496955	0.9047803573515123	0.11509262660178417	614.0	HT29	2	pearson_train_gallery	0.6759558916091919
4105	3651	0.00779537149817296	0.040194884287454324	0.18587088915956151	0.6635809987819732	0.7795371498172959	0.9149094390938864	0.12801444565745085	537.0	HT29	2	gallery_dual	0.6759558916091919
4105	3651	0.006577344701583435	0.037758830694275276	0.22095006090133984	0.7193666260657734	0.6577344701583435	0.9244243243452139	0.13253394763700926	396.0	HT29	2	gallery_fuse	0.6759558916091919
4105	3659	0.00097442143727162	0.019732034104750305	0.13909866017052375	0.6241169305724726	0.09744214372716199	0.9046911763301794	0.1132787989452001	653.0	HT29	3	pearson_train_gallery	0.5944478511810303
4105	3659	0.008282582216808769	0.04141291108404385	0.17929354445797807	0.6194884287454324	0.8282582216808769	0.907013474677182	0.1259351585013959	622.0	HT29	3	gallery_dual	0.5944478511810303
4105	3659	0.00584652862362972	0.034835566382460416	0.21120584652862362	0.7088915956151035	0.584652862362972	0.9224468380633601	0.12985262148571228	456.0	HT29	3	gallery_fuse	0.5944478511810303
4105	3664	0.003166869671132765	0.01900121802679659	0.12935444579780755	0.6387332521315469	0.3166869671132765	0.906869825716233	0.11460294916971124	628.0	HT29	4	pearson_train_gallery	0.6305155754089355
4105	3664	0.007308160779537149	0.036053593179049936	0.1800243605359318	0.6472594397076735	0.730816077953715	0.912984124732491	0.1260415110099831	574.0	HT29	4	gallery_dual	0.6305155754089355
4105	3664	0.005602923264311815	0.03654080389768575	0.21144945188794154	0.725700365408039	0.5602923264311814	0.9259877997271146	0.13055716001309872	401.0	HT29	4	gallery_fuse	0.6305155754089355
4105	3652	0.00243605359317905	0.020706455542021926	0.13544457978075516	0.6214372716199756	0.243605359317905	0.9046374358421775	0.11477724527113548	638.0	HT29	5	pearson_train_gallery	0.705989420413971
4105	3652	0.00876979293544458	0.04190012180267966	0.1941534713763703	0.6764920828258222	0.876979293544458	0.9177171977290779	0.13088000390514648	497.0	HT29	5	gallery_dual	0.705989420413971
4105	3652	0.005602923264311815	0.037271619975639464	0.21851400730816078	0.715468940316687	0.5602923264311814	0.9252946974687867	0.13140532976413008	395.0	HT29	5	gallery_fuse	0.705989420413971
3755	3075	0.0015978695073235686	0.018641810918774968	0.11211717709720373	0.5946737683089215	0.15978695073235685	0.903844270846536	0.1109494898533248	715.0	MCF7	1	pearson_train_gallery	0.6535418033599854
3755	3075	0.00559254327563249	0.027430093209054592	0.18055925432756326	0.6921438082556591	0.559254327563249	0.9257868692185459	0.12579286236120835	520.0	MCF7	1	gallery_dual	0.6535418033599854
3755	3075	0.003195739014647137	0.029027962716378163	0.19067909454061252	0.7115845539280958	0.3195739014647137	0.9263296816140132	0.12539997673106595	474.0	MCF7	1	gallery_fuse	0.6535418033599854
3755	3076	0.0015978695073235686	0.01837549933422104	0.1051930758988016	0.5778961384820239	0.15978695073235685	0.9003980259740777	0.10903765008053806	776.0	MCF7	2	pearson_train_gallery	0.6177064776420593
3755	3076	0.0039946737683089215	0.02796271637816245	0.15339547270306259	0.6535286284953395	0.3994673768308921	0.9198828338375757	0.12053496926240052	589.0	MCF7	2	gallery_dual	0.6177064776420593
3755	3076	0.002663115845539281	0.02663115845539281	0.1715046604527297	0.6801597869507323	0.2663115845539281	0.9201819994641958	0.121376798011903	522.0	MCF7	2	gallery_fuse	0.6177064776420593
3755	3082	0.002929427430093209	0.017043941411451397	0.10945406125166444	0.5914780292942743	0.2929427430093209	0.9043363359243791	0.1107456017119353	736.0	MCF7	3	pearson_train_gallery	0.5052578449249268
3755	3082	0.0039946737683089215	0.028761651131824235	0.16884154460719042	0.6545938748335552	0.3994673768308921	0.919444796511209	0.12135905156726678	601.0	MCF7	3	gallery_dual	0.5052578449249268
3755	3082	0.005858854860186418	0.033288948069241014	0.17683089214380826	0.6948069241011984	0.5858854860186418	0.9224853859157057	0.1254773967294829	515.0	MCF7	3	gallery_fuse	0.5052578449249268
3755	3083	0.002396804260985353	0.013848202396804262	0.10838881491344873	0.5981358189081225	0.2396804260985353	0.905241188928635	0.11020455002844812	729.0	MCF7	4	pearson_train_gallery	0.6736136078834534
3755	3083	0.00559254327563249	0.027696404793608524	0.17576564580559254	0.6956058588548601	0.559254327563249	0.9274741802518877	0.1247675327602084	522.0	MCF7	4	gallery_dual	0.6736136078834534
3755	3083	0.002929427430093209	0.027430093209054592	0.18029294274300933	0.718508655126498	0.2929427430093209	0.9283873337478609	0.12464133951262288	450.0	MCF7	4	gallery_fuse	0.6736136078834534
3754	3079	0.002663825253063399	0.017314864144912095	0.10895045285029302	0.5860415556739478	0.2663825253063399	0.9016572194834904	0.10990386998880444	759.5	MCF7	5	pearson_train_gallery	0.653889536857605
3754	3079	0.003995737879595098	0.02850293020777837	0.17128396377197655	0.661427810335642	0.3995737879595099	0.921104187883304	0.12245033317794515	579.0	MCF7	5	gallery_dual	0.653889536857605
3754	3079	0.005327650506126798	0.02930207778369739	0.18034096963239213	0.6856686201385189	0.5327650506126798	0.9224302587877895	0.12523858733623736	510.5	MCF7	5	gallery_fuse	0.653889536857605
4246	3680	0.001413094677343382	0.010833725859632595	0.08596325953838907	0.5744229863400848	0.1413094677343382	0.8957758499886682	0.10516963790201216	821.0	PC3	1	pearson_train_gallery	0.6895603537559509
4246	3680	0.004474799811587376	0.024729156853509186	0.14884597268016958	0.6005652378709374	0.44747998115873766	0.9037920238304342	0.11676287133763791	709.0	PC3	1	gallery_dual	0.6895603537559509
4246	3680	0.0030617051342439945	0.025671219971738105	0.16085727743758832	0.6709844559585493	0.30617051342439944	0.9160231081507098	0.11965076461481232	545.5	PC3	1	gallery_fuse	0.6895603537559509
4246	3681	0.003297220913801225	0.01601507300989166	0.08902496467263307	0.5890249646726331	0.3297220913801225	0.8993910699519667	0.10823082046171005	784.5	PC3	2	pearson_train_gallery	0.6179860234260559
4246	3681	0.0011775788977861517	0.02143193593970796	0.13871879415920868	0.5847856806406029	0.11775788977861516	0.8997436623046577	0.11256975849549043	746.0	PC3	2	gallery_dual	0.6179860234260559
4246	3681	0.003532736693358455	0.025435704192180875	0.15803108808290156	0.6773433820065945	0.3532736693358455	0.9170337864484625	0.11995921366446452	550.5	PC3	2	gallery_fuse	0.6179860234260559
4246	3680	0.001413094677343382	0.015308525671219972	0.09326424870466321	0.5866698068770607	0.1413094677343382	0.8987688080756506	0.10700538452708064	805.0	PC3	3	pearson_train_gallery	0.6528890132904053
4246	3680	0.0023551577955723034	0.02166745171926519	0.14319359397079603	0.59609043805935	0.23551577955723033	0.9032714759358081	0.11384697731807439	720.5	PC3	3	gallery_dual	0.6528890132904053
4246	3680	0.0023551577955723034	0.024258125294394726	0.15332077249175693	0.6853509185115403	0.23551577955723033	0.9186618035603233	0.11936004606258362	555.0	PC3	3	gallery_fuse	0.6528890132904053
4246	3685	0.0009420631182289214	0.012246820536975978	0.09090909090909091	0.5631182289213378	0.09420631182289213	0.8947455673539085	0.10513724242749552	853.0	PC3	4	pearson_train_gallery	0.5933477878570557
4246	3685	0.004003768252472915	0.02119642016015073	0.13235986811116346	0.5647668393782384	0.40037682524729157	0.8973413617928525	0.11318638623988533	807.0	PC3	4	gallery_dual	0.5933477878570557
4246	3685	0.0037682524729156855	0.022845030617051343	0.15261422515308526	0.6544983513895432	0.3768252472915685	0.913133600303964	0.11856365734459504	587.5	PC3	4	gallery_fuse	0.5933477878570557
4245	3686	0.001177856301531213	0.012485276796230859	0.09705535924617197	0.5632508833922262	0.11778563015312132	0.8954117902580424	0.10567597452010181	844.0	PC3	5	pearson_train_gallery	0.6895908117294312
4245	3686	0.004004711425206125	0.02237926972909305	0.144640753828033	0.6148409893992933	0.4004711425206125	0.905934676678665	0.11548145182073763	677.0	PC3	5	gallery_dual	0.6895908117294312
4245	3686	0.003769140164899882	0.02237926972909305	0.15406360424028268	0.6760895170789164	0.37691401648998824	0.917329172365794	0.11966804356158321	553.0	PC3	5	gallery_fuse	0.6895908117294312
5265	3700	0.003988603988603989	0.028869895536562204	0.1606837606837607	0.6049382716049383	0.39886039886039887	0.9098583935338944	0.11958163296501406	667.0	U251MG	1	pearson_train_gallery	0.8488254547119141
5265	3700	0.019753086419753086	0.06324786324786325	0.2074074074074074	0.6512820512820513	1.9753086419753085	0.9152082586697492	0.14228613125278844	547.0	U251MG	1	gallery_dual	0.8488254547119141
5265	3700	0.019183285849952516	0.06856600189933523	0.26020892687559355	0.7532763532763532	1.9183285849952516	0.9350809131697523	0.1521216212455629	359.0	U251MG	1	gallery_fuse	0.8488254547119141
5265	3704	0.0049382716049382715	0.03114909781576448	0.157644824311491	0.610636277302944	0.49382716049382713	0.9102180194378775	0.12045688020721866	640.0	U251MG	2	pearson_train_gallery	0.8194376230239868
5265	3704	0.0201329534662868	0.062108262108262105	0.21253561253561254	0.6535612535612536	2.01329534662868	0.9164360736153694	0.14265990789837343	544.0	U251MG	2	gallery_dual	0.8194376230239868
5265	3704	0.021082621082621083	0.06533713200379868	0.256980056980057	0.7513770180436847	2.1082621082621085	0.9363423865476871	0.15288811982012987	351.0	U251MG	2	gallery_fuse	0.8194376230239868
5265	3705	0.005318138651471985	0.030389363722697058	0.15650522317188983	0.6117758784425451	0.5318138651471985	0.9120708461258418	0.1207021635104125	647.0	U251MG	3	pearson_train_gallery	0.8548315167427063
5265	3705	0.019373219373219373	0.05811965811965812	0.20113960113960114	0.6491927825261159	1.9373219373219372	0.9162779374736573	0.14088725138681174	561.0	U251MG	3	gallery_dual	0.8548315167427063
5265	3705	0.016714150047483382	0.06419753086419754	0.26324786324786326	0.7604938271604939	1.671415004748338	0.9376617651906939	0.15026439114531961	343.0	U251MG	3	gallery_fuse	0.8548315167427063
5264	3698	0.006648936170212766	0.030775075987841946	0.1656534954407295	0.6098024316109423	0.6648936170212766	0.9108968628849171	0.122409410071831	638.5	U251MG	4	pearson_train_gallery	0.8729767203330994
5264	3698	0.018427051671732524	0.06591945288753799	0.21675531914893617	0.6576747720364742	1.8427051671732524	0.9170244463013577	0.1436909791134338	529.5	U251MG	4	gallery_dual	0.8729767203330994
5264	3698	0.01937689969604863	0.06990881458966565	0.268806990881459	0.7594984802431611	1.9376899696048633	0.9368952917887746	0.15367490819740817	330.0	U251MG	4	gallery_fuse	0.8729767203330994
5264	3698	0.003799392097264438	0.027925531914893616	0.15748480243161095	0.6120820668693009	0.3799392097264438	0.9114059480979496	0.11961711195459844	633.0	U251MG	5	pearson_train_gallery	0.8227423429489136
5264	3698	0.021656534954407294	0.060790273556231005	0.2013677811550152	0.646466565349544	2.1656534954407296	0.9150139701052087	0.14230166312028392	566.5	U251MG	5	gallery_dual	0.8227423429489136
5264	3698	0.01937689969604863	0.06268996960486323	0.25702887537993924	0.7617781155015197	1.9376899696048633	0.9368623360687821	0.15102091895454717	342.0	U251MG	5	gallery_fuse	0.8227423429489136
4027	3661	0.0017382666997765085	0.01614104792649615	0.11894710702756395	0.5463123913583313	0.17382666997765087	0.8968395534323977	0.10921571790810139	854.0	YAPC	1	pearson_train_gallery	0.7227979302406311
4027	3661	0.0072013906133598215	0.02756394338217035	0.18276632729078718	0.6411720884032779	0.7201390613359822	0.9122146813599469	0.12367078741624166	574.0	YAPC	1	gallery_dual	0.7227979302406311
4027	3661	0.00645641917059846	0.028060591010677923	0.20064564191705986	0.691085175068289	0.6456419170598461	0.9217007159493501	0.12693658640575273	476.0	YAPC	1	gallery_fuse	0.7227979302406311
4027	3664	0.0019865905140302956	0.016389371740749937	0.11398063074248821	0.5535137819716911	0.19865905140302956	0.8966483283376588	0.1088171548833289	843.0	YAPC	2	pearson_train_gallery	0.6472625732421875
4027	3664	0.008691333498882544	0.028805562453439286	0.15545070772287062	0.6146014402781227	0.8691333498882543	0.9055595058105825	0.1217189042383056	645.0	YAPC	2	gallery_dual	0.6472625732421875
4027	3664	0.0047181524708219515	0.031288800595977155	0.18798112739011671	0.6744474795132853	0.4718152470821952	0.9189528864190604	0.1253907622286458	489.0	YAPC	2	gallery_fuse	0.6472625732421875
4027	3661	0.0017382666997765085	0.020610876583064316	0.12043704991308667	0.5671715917556494	0.17382666997765087	0.8991438482664559	0.1106977876717749	820.0	YAPC	3	pearson_train_gallery	0.6815775632858276
4027	3661	0.008691333498882544	0.030543829153215792	0.18375962254780234	0.6436553265458157	0.8691333498882543	0.9121244218175321	0.12536029823519543	565.0	YAPC	3	gallery_dual	0.6815775632858276
4027	3661	0.006208095356344674	0.0342686863670226	0.2053637943878818	0.7077228706232928	0.6208095356344674	0.923631528615218	0.1293081046636472	460.0	YAPC	3	gallery_fuse	0.6815775632858276
4027	3667	0.0022349143282840824	0.0171343431835113	0.114228954556742	0.5515271914576608	0.22349143282840825	0.8966822075291891	0.10919005775314798	839.0	YAPC	4	pearson_train_gallery	0.645905613899231
4027	3667	0.005959771542090887	0.034517010181276384	0.16513533647876832	0.6076483734790167	0.5959771542090887	0.9056549561456807	0.12148591032085	661.0	YAPC	4	gallery_dual	0.645905613899231
4027	3667	0.004966476285075739	0.0322820958529923	0.18475291780481748	0.6707226222994785	0.4966476285075739	0.9195014651475811	0.1250890758817919	506.0	YAPC	4	gallery_fuse	0.645905613899231
4027	3665	0.0017382666997765085	0.016389371740749937	0.11745716414204121	0.5594735535137819	0.17382666997765087	0.8989872207318778	0.109496519872579	815.0	YAPC	5	pearson_train_gallery	0.6465221643447876
4027	3665	0.006953066799106034	0.03253041966724609	0.18524956543332505	0.6299975167618574	0.6953066799106035	0.9089345175014528	0.12383171101496201	618.0	YAPC	5	gallery_dual	0.6465221643447876
4027	3665	0.004221504842314378	0.033027067295753665	0.2056121182021356	0.69704494661038	0.4221504842314378	0.9221767394462147	0.12724881042757474	471.0	YAPC	5	gallery_fuse	0.6465221643447876
