true_ko	rank_pearson	rank_revpert	cell	cell_line	seed	alpha_star	n_catalog
KIAA1143	623	264	hepg2	HepG2	1	0.43850818276405334	2372
FEN1	705	109	hepg2	HepG2	1	0.43850818276405334	2372
PHF10	277	1216	hepg2	HepG2	1	0.43850818276405334	2372
HSF1	565	834	hepg2	HepG2	1	0.43850818276405334	2372
BCAR1	1658	1382	hepg2	HepG2	1	0.43850818276405334	2372
UXT	39	11	hepg2	HepG2	1	0.43850818276405334	2372
SHQ1	1637	652	hepg2	HepG2	1	0.43850818276405334	2372
NUP153	442	133	hepg2	HepG2	1	0.43850818276405334	2372
KPNA6	1859	1637	hepg2	HepG2	1	0.43850818276405334	2372
STAT5B	944	1202	hepg2	HepG2	1	0.43850818276405334	2372
VPS54	2006	1895	hepg2	HepG2	1	0.43850818276405334	2372
SDHAF2	1382	970	hepg2	HepG2	1	0.43850818276405334	2372
CCT4	74	31	hepg2	HepG2	1	0.43850818276405334	2372
SNW1	888	78	hepg2	HepG2	1	0.43850818276405334	2372
TPT1	1632	512	hepg2	HepG2	1	0.43850818276405334	2372
PDCD6IP	1405	1029	hepg2	HepG2	1	0.43850818276405334	2372
BPTF	1316	960	hepg2	HepG2	1	0.43850818276405334	2372
PRKRIP1	1064	1276	hepg2	HepG2	1	0.43850818276405334	2372
RRP15	296	160	hepg2	HepG2	1	0.43850818276405334	2372
WBP1	605	1282	hepg2	HepG2	1	0.43850818276405334	2372
POLR1D	111	48	hepg2	HepG2	1	0.43850818276405334	2372
MED28	45	23	hepg2	HepG2	1	0.43850818276405334	2372
ZMAT2	808	375	hepg2	HepG2	1	0.43850818276405334	2372
HIST1H2AE	1852	1817	hepg2	HepG2	1	0.43850818276405334	2372
UBE2N	2264	1987	hepg2	HepG2	1	0.43850818276405334	2372
NLE1	65	3	hepg2	HepG2	1	0.43850818276405334	2372
LTBP4	234	125	hepg2	HepG2	1	0.43850818276405334	2372
CSE1L	953	259	hepg2	HepG2	1	0.43850818276405334	2372
WDR70	21	5	hepg2	HepG2	1	0.43850818276405334	2372
THOC7	1686	1186	hepg2	HepG2	1	0.43850818276405334	2372
RNF31	33	8	hepg2	HepG2	1	0.43850818276405334	2372
CT45A5	1969	1992	hepg2	HepG2	1	0.43850818276405334	2372
INTS8	341	3	hepg2	HepG2	1	0.43850818276405334	2372
CIAO1	1598	1271	hepg2	HepG2	1	0.43850818276405334	2372
SLC1A5	524	258	hepg2	HepG2	1	0.43850818276405334	2372
SAE1	308	345	hepg2	HepG2	1	0.43850818276405334	2372
TWF1	1302	1058	hepg2	HepG2	1	0.43850818276405334	2372
SMG5	152	1	hepg2	HepG2	1	0.43850818276405334	2372
PABPC1	1434	1171	hepg2	HepG2	1	0.43850818276405334	2372
GTF2H4	825	3	hepg2	HepG2	1	0.43850818276405334	2372
TOP1	1605	1788	hepg2	HepG2	1	0.43850818276405334	2372
STRAP	188	44	hepg2	HepG2	1	0.43850818276405334	2372
CENPJ	33	7	hepg2	HepG2	1	0.43850818276405334	2372
PPP6C	895	641	hepg2	HepG2	1	0.43850818276405334	2372
PFDN5	841	763	hepg2	HepG2	1	0.43850818276405334	2372
RPL27A	18	5	hepg2	HepG2	1	0.43850818276405334	2372
NUP43	1673	1314	hepg2	HepG2	1	0.43850818276405334	2372
SRA1	2013	1752	hepg2	HepG2	1	0.43850818276405334	2372
CDK9	647	123	hepg2	HepG2	1	0.43850818276405334	2372
GINS4	327	4	hepg2	HepG2	1	0.43850818276405334	2372
EGLN2	1322	937	hepg2	HepG2	1	0.43850818276405334	2372
MRPL35	9	12	hepg2	HepG2	1	0.43850818276405334	2372
PKM	623	936	hepg2	HepG2	1	0.43850818276405334	2372
SMNDC1	1994	1766	hepg2	HepG2	1	0.43850818276405334	2372
EXOSC5	812	4	hepg2	HepG2	1	0.43850818276405334	2372
GTF3A	1251	98	hepg2	HepG2	1	0.43850818276405334	2372
SEC61A1	1250	530	hepg2	HepG2	1	0.43850818276405334	2372
TFDP1	53	242	hepg2	HepG2	1	0.43850818276405334	2372
GET1	1664	1738	hepg2	HepG2	1	0.43850818276405334	2372
CPEB1	40	77	hepg2	HepG2	1	0.43850818276405334	2372
ELP4	26	2	hepg2	HepG2	1	0.43850818276405334	2372
MRPL28	108	67	hepg2	HepG2	1	0.43850818276405334	2372
RCCD1	740	951	hepg2	HepG2	1	0.43850818276405334	2372
CWC25	226	384	hepg2	HepG2	1	0.43850818276405334	2372
UBE2Z	1495	899	hepg2	HepG2	1	0.43850818276405334	2372
BTF3	678	532	hepg2	HepG2	1	0.43850818276405334	2372
OGFOD1	6	3	hepg2	HepG2	1	0.43850818276405334	2372
ATP2A2	35	74	hepg2	HepG2	1	0.43850818276405334	2372
RPL15	100	35	hepg2	HepG2	1	0.43850818276405334	2372
HNRNPL	2151	2080	hepg2	HepG2	1	0.43850818276405334	2372
MYCBP	1176	480	hepg2	HepG2	1	0.43850818276405334	2372
SYNGR3	1383	1666	hepg2	HepG2	1	0.43850818276405334	2372
PUF60	504	244	hepg2	HepG2	1	0.43850818276405334	2372
GRWD1	432	614	hepg2	HepG2	1	0.43850818276405334	2372
SNRPB	17	6	hepg2	HepG2	1	0.43850818276405334	2372
CDK6	1154	890	hepg2	HepG2	1	0.43850818276405334	2372
PDCD11	26	6	hepg2	HepG2	1	0.43850818276405334	2372
EIF3CL	5	1	hepg2	HepG2	1	0.43850818276405334	2372
SNRNP48	96	10	hepg2	HepG2	1	0.43850818276405334	2372
PPP2CA	1031	7	hepg2	HepG2	1	0.43850818276405334	2372
LAMB1	183	61	hepg2	HepG2	1	0.43850818276405334	2372
CMTR2	1048	964	hepg2	HepG2	1	0.43850818276405334	2372
NELFA	304	4	hepg2	HepG2	1	0.43850818276405334	2372
KAT7	1994	1903	hepg2	HepG2	1	0.43850818276405334	2372
TONSL	653	577	hepg2	HepG2	1	0.43850818276405334	2372
SLC2A8	392	863	hepg2	HepG2	1	0.43850818276405334	2372
MED14	14	12	hepg2	HepG2	1	0.43850818276405334	2372
TERF2	1197	116	hepg2	HepG2	1	0.43850818276405334	2372
EXOSC9	264	7	hepg2	HepG2	1	0.43850818276405334	2372
HSPA5	67	20	hepg2	HepG2	1	0.43850818276405334	2372
DCTN2	849	93	hepg2	HepG2	1	0.43850818276405334	2372
FBLIM1	1126	559	hepg2	HepG2	1	0.43850818276405334	2372
NAA50	452	511	hepg2	HepG2	1	0.43850818276405334	2372
ARFRP1	1691	898	hepg2	HepG2	1	0.43850818276405334	2372
SPRTN	1017	61	hepg2	HepG2	1	0.43850818276405334	2372
EIF2B4	5	2	hepg2	HepG2	1	0.43850818276405334	2372
ABT1	78	6	hepg2	HepG2	1	0.43850818276405334	2372
RRM2	1236	1194	hepg2	HepG2	1	0.43850818276405334	2372
PSMC2	414	37	hepg2	HepG2	1	0.43850818276405334	2372
ARPC4	109	229	hepg2	HepG2	1	0.43850818276405334	2372
RPL36	2	6	hepg2	HepG2	1	0.43850818276405334	2372
INO80D	11	26	hepg2	HepG2	1	0.43850818276405334	2372
RAE1	269	257	hepg2	HepG2	1	0.43850818276405334	2372
LTBP3	794	473	hepg2	HepG2	1	0.43850818276405334	2372
DHX8	25	60	hepg2	HepG2	1	0.43850818276405334	2372
CNOT10	1415	439	hepg2	HepG2	1	0.43850818276405334	2372
VPS29	2250	2223	hepg2	HepG2	1	0.43850818276405334	2372
ZNF687	917	1157	hepg2	HepG2	1	0.43850818276405334	2372
LRRC37A3	857	65	hepg2	HepG2	1	0.43850818276405334	2372
SS18L2	1467	1254	hepg2	HepG2	1	0.43850818276405334	2372
GARS	2	1	hepg2	HepG2	1	0.43850818276405334	2372
MRPL38	118	65	hepg2	HepG2	1	0.43850818276405334	2372
GTF2E2	48	19	hepg2	HepG2	1	0.43850818276405334	2372
NFYC	121	149	hepg2	HepG2	1	0.43850818276405334	2372
NUP133	772	4	hepg2	HepG2	1	0.43850818276405334	2372
MRPS17	27	24	hepg2	HepG2	1	0.43850818276405334	2372
YARS2	142	137	hepg2	HepG2	1	0.43850818276405334	2372
CHMP6	167	24	hepg2	HepG2	1	0.43850818276405334	2372
MBIP	281	66	hepg2	HepG2	1	0.43850818276405334	2372
DHX15	1712	1469	hepg2	HepG2	1	0.43850818276405334	2372
ZNF207	404	119	hepg2	HepG2	1	0.43850818276405334	2372
PTCD1	50	44	hepg2	HepG2	1	0.43850818276405334	2372
VPS37A	355	48	hepg2	HepG2	1	0.43850818276405334	2372
GIT2	87	82	hepg2	HepG2	1	0.43850818276405334	2372
CPSF3	467	7	hepg2	HepG2	1	0.43850818276405334	2372
PIAS4	391	796	hepg2	HepG2	1	0.43850818276405334	2372
MCEE	44	45	hepg2	HepG2	1	0.43850818276405334	2372
BRCA2	688	727	hepg2	HepG2	1	0.43850818276405334	2372
UTP20	18	22	hepg2	HepG2	1	0.43850818276405334	2372
DNAJC19	949	1289	hepg2	HepG2	1	0.43850818276405334	2372
SLC25A10	1778	1235	hepg2	HepG2	1	0.43850818276405334	2372
THAP11	468	584	hepg2	HepG2	1	0.43850818276405334	2372
METTL3	54	16	hepg2	HepG2	1	0.43850818276405334	2372
IRF2BP2	645	1462	hepg2	HepG2	1	0.43850818276405334	2372
DSTYK	4	2	hepg2	HepG2	1	0.43850818276405334	2372
PSMD9	794	998	hepg2	HepG2	1	0.43850818276405334	2372
CCT7	79	12	hepg2	HepG2	1	0.43850818276405334	2372
RPL24	3	2	hepg2	HepG2	1	0.43850818276405334	2372
PSMD13	173	9	hepg2	HepG2	1	0.43850818276405334	2372
GTF2F2	86	7	hepg2	HepG2	1	0.43850818276405334	2372
TUBA3D	500	616	hepg2	HepG2	1	0.43850818276405334	2372
SRP72	438	17	hepg2	HepG2	1	0.43850818276405334	2372
NUP88	1191	23	hepg2	HepG2	1	0.43850818276405334	2372
C9orf78	796	776	hepg2	HepG2	1	0.43850818276405334	2372
RPRD1B	2255	2205	hepg2	HepG2	1	0.43850818276405334	2372
RPL7	44	29	hepg2	HepG2	1	0.43850818276405334	2372
TMX2	37	32	hepg2	HepG2	1	0.43850818276405334	2372
NCAPG2	963	547	hepg2	HepG2	1	0.43850818276405334	2372
LAMTOR1	818	672	hepg2	HepG2	1	0.43850818276405334	2372
RPS8	414	113	hepg2	HepG2	1	0.43850818276405334	2372
POLR2I	70	16	hepg2	HepG2	1	0.43850818276405334	2372
DLD	565	5	hepg2	HepG2	1	0.43850818276405334	2372
CEP97	1097	518	hepg2	HepG2	1	0.43850818276405334	2372
PARN	1932	1404	hepg2	HepG2	1	0.43850818276405334	2372
SMU1	1478	303	hepg2	HepG2	1	0.43850818276405334	2372
DHFR	1614	1070	hepg2	HepG2	1	0.43850818276405334	2372
EIF2B5	7	1	hepg2	HepG2	1	0.43850818276405334	2372
WDR7	1469	307	hepg2	HepG2	1	0.43850818276405334	2372
SKA1	373	168	hepg2	HepG2	1	0.43850818276405334	2372
POLR2F	150	25	hepg2	HepG2	1	0.43850818276405334	2372
MRPL11	41	5	hepg2	HepG2	1	0.43850818276405334	2372
TRPM7	1084	394	hepg2	HepG2	1	0.43850818276405334	2372
PIAS1	92	278	hepg2	HepG2	1	0.43850818276405334	2372
NPM3	2071	1152	hepg2	HepG2	1	0.43850818276405334	2372
NDUFB3	657	353	hepg2	HepG2	1	0.43850818276405334	2372
H2AFZ	350	127	hepg2	HepG2	1	0.43850818276405334	2372
SMG6	397	8	hepg2	HepG2	1	0.43850818276405334	2372
WDTC1	168	1260	hepg2	HepG2	1	0.43850818276405334	2372
NOL8	56	7	hepg2	HepG2	1	0.43850818276405334	2372
CNOT3	371	25	hepg2	HepG2	1	0.43850818276405334	2372
RSRC2	917	1235	hepg2	HepG2	1	0.43850818276405334	2372
GMPS	91	3	hepg2	HepG2	1	0.43850818276405334	2372
NDUFA2	1717	1591	hepg2	HepG2	1	0.43850818276405334	2372
NCKAP1	148	742	hepg2	HepG2	1	0.43850818276405334	2372
SNIP1	580	103	hepg2	HepG2	1	0.43850818276405334	2372
SURF6	806	23	hepg2	HepG2	1	0.43850818276405334	2372
ABCB10	23	5	hepg2	HepG2	1	0.43850818276405334	2372
TRAPPC3	670	697	hepg2	HepG2	1	0.43850818276405334	2372
ELP3	1496	3	hepg2	HepG2	1	0.43850818276405334	2372
RPS29	11	3	hepg2	HepG2	1	0.43850818276405334	2372
RBM12	1067	158	hepg2	HepG2	1	0.43850818276405334	2372
KTI12	32	78	hepg2	HepG2	1	0.43850818276405334	2372
RPS4X	67	58	hepg2	HepG2	1	0.43850818276405334	2372
SUPT20H	136	28	hepg2	HepG2	1	0.43850818276405334	2372
PELO	440	659	hepg2	HepG2	1	0.43850818276405334	2372
WDR18	1570	183	hepg2	HepG2	1	0.43850818276405334	2372
ORC6	297	24	hepg2	HepG2	1	0.43850818276405334	2372
PWP2	13	10	hepg2	HepG2	1	0.43850818276405334	2372
INTS14	1852	412	hepg2	HepG2	1	0.43850818276405334	2372
PPA2	1410	820	hepg2	HepG2	1	0.43850818276405334	2372
NAGLU	951	259	hepg2	HepG2	1	0.43850818276405334	2372
TRRAP	396	145	hepg2	HepG2	1	0.43850818276405334	2372
FBXL14	374	103	hepg2	HepG2	1	0.43850818276405334	2372
BORA	1604	1454	hepg2	HepG2	1	0.43850818276405334	2372
PTCD3	1919	1970	hepg2	HepG2	1	0.43850818276405334	2372
SPTSSA	811	482	hepg2	HepG2	1	0.43850818276405334	2372
ZC3H3	1345	219	hepg2	HepG2	1	0.43850818276405334	2372
RRP7A	73	37	hepg2	HepG2	1	0.43850818276405334	2372
IARS2	83	12	hepg2	HepG2	1	0.43850818276405334	2372
RELL2	346	120	hepg2	HepG2	1	0.43850818276405334	2372
RFC5	412	229	hepg2	HepG2	1	0.43850818276405334	2372
MLLT6	101	156	hepg2	HepG2	1	0.43850818276405334	2372
PNISR	1449	1050	hepg2	HepG2	1	0.43850818276405334	2372
TCOF1	393	166	hepg2	HepG2	1	0.43850818276405334	2372
LAS1L	22	26	hepg2	HepG2	1	0.43850818276405334	2372
INTS2	95	14	hepg2	HepG2	1	0.43850818276405334	2372
COQ4	56	150	hepg2	HepG2	1	0.43850818276405334	2372
DCTN4	421	20	hepg2	HepG2	1	0.43850818276405334	2372
ARGFX	1011	714	hepg2	HepG2	1	0.43850818276405334	2372
ZNF763	1280	1147	hepg2	HepG2	1	0.43850818276405334	2372
PEF1	270	928	hepg2	HepG2	1	0.43850818276405334	2372
ANAPC15	1379	837	hepg2	HepG2	1	0.43850818276405334	2372
ETF1	20	7	hepg2	HepG2	1	0.43850818276405334	2372
STXBP4	1318	1109	hepg2	HepG2	1	0.43850818276405334	2372
ATP6AP1	246	487	hepg2	HepG2	1	0.43850818276405334	2372
SUMO2	487	338	hepg2	HepG2	1	0.43850818276405334	2372
CDC26	1403	602	hepg2	HepG2	1	0.43850818276405334	2372
SEH1L	904	12	hepg2	HepG2	1	0.43850818276405334	2372
DYNC1I2	868	48	hepg2	HepG2	1	0.43850818276405334	2372
ESYT1	143	475	hepg2	HepG2	1	0.43850818276405334	2372
SMC5	640	522	hepg2	HepG2	1	0.43850818276405334	2372
LPIN1	450	199	hepg2	HepG2	1	0.43850818276405334	2372
NPEPPS	1622	1770	hepg2	HepG2	1	0.43850818276405334	2372
SMC3	21	501	hepg2	HepG2	1	0.43850818276405334	2372
GLRX5	1013	1375	hepg2	HepG2	1	0.43850818276405334	2372
CPNE1	625	1783	hepg2	HepG2	1	0.43850818276405334	2372
WDR3	12	39	hepg2	HepG2	1	0.43850818276405334	2372
ZNHIT2	1851	1026	hepg2	HepG2	1	0.43850818276405334	2372
SIGLEC14	1133	743	hepg2	HepG2	1	0.43850818276405334	2372
DDX18	69	33	hepg2	HepG2	1	0.43850818276405334	2372
PRKCA	949	791	hepg2	HepG2	1	0.43850818276405334	2372
METTL17	1428	1500	hepg2	HepG2	1	0.43850818276405334	2372
C1orf109	1164	1887	hepg2	HepG2	1	0.43850818276405334	2372
NDUFB10	201	30	hepg2	HepG2	1	0.43850818276405334	2372
GYG1	644	516	hepg2	HepG2	1	0.43850818276405334	2372
NPM1	1370	612	hepg2	HepG2	1	0.43850818276405334	2372
CEP85	1748	1619	hepg2	HepG2	1	0.43850818276405334	2372
UTP6	76	74	hepg2	HepG2	1	0.43850818276405334	2372
MRPL1	129	96	hepg2	HepG2	1	0.43850818276405334	2372
MRPS26	1517	16	hepg2	HepG2	1	0.43850818276405334	2372
RHOQ	1317	598	hepg2	HepG2	1	0.43850818276405334	2372
DDX3X	415	262	hepg2	HepG2	1	0.43850818276405334	2372
RPP30	11	5	hepg2	HepG2	1	0.43850818276405334	2372
MRPL54	15	15	hepg2	HepG2	1	0.43850818276405334	2372
ETV4	116	229	hepg2	HepG2	1	0.43850818276405334	2372
ELP2	1171	1481	hepg2	HepG2	1	0.43850818276405334	2372
PSMD11	21	14	hepg2	HepG2	1	0.43850818276405334	2372
PSMD1	142	30	hepg2	HepG2	1	0.43850818276405334	2372
ZCCHC9	38	20	hepg2	HepG2	1	0.43850818276405334	2372
ATP6V1E1	590	1284	hepg2	HepG2	1	0.43850818276405334	2372
ORC1	518	206	hepg2	HepG2	1	0.43850818276405334	2372
ZNF253	1336	216	hepg2	HepG2	1	0.43850818276405334	2372
RTCB	2296	1907	hepg2	HepG2	1	0.43850818276405334	2372
ORC4	1358	440	hepg2	HepG2	1	0.43850818276405334	2372
CDK11A	797	1036	hepg2	HepG2	1	0.43850818276405334	2372
RAB4A	269	242	hepg2	HepG2	1	0.43850818276405334	2372
CSTF3	1434	4	hepg2	HepG2	1	0.43850818276405334	2372
CNIH4	61	132	hepg2	HepG2	1	0.43850818276405334	2372
SRBD1	1604	1808	hepg2	HepG2	1	0.43850818276405334	2372
GTF3C5	67	411	hepg2	HepG2	1	0.43850818276405334	2372
MIS18BP1	1020	1308	hepg2	HepG2	1	0.43850818276405334	2372
TBC1D1	268	224	hepg2	HepG2	1	0.43850818276405334	2372
LCE1C	1710	1427	hepg2	HepG2	1	0.43850818276405334	2372
POLR2K	286	261	hepg2	HepG2	1	0.43850818276405334	2372
HNRNPU	859	966	hepg2	HepG2	1	0.43850818276405334	2372
RBBP5	230	145	hepg2	HepG2	1	0.43850818276405334	2372
DAP3	35	15	hepg2	HepG2	1	0.43850818276405334	2372
COQ5	1571	1729	hepg2	HepG2	1	0.43850818276405334	2372
EEF1A1	785	422	hepg2	HepG2	1	0.43850818276405334	2372
USP36	765	711	hepg2	HepG2	1	0.43850818276405334	2372
ATR	27	2	hepg2	HepG2	1	0.43850818276405334	2372
RPS27A	16	2	hepg2	HepG2	1	0.43850818276405334	2372
TRMT6	526	1182	hepg2	HepG2	1	0.43850818276405334	2372
LST1	1079	521	hepg2	HepG2	1	0.43850818276405334	2372
TPRKB	1659	1563	hepg2	HepG2	1	0.43850818276405334	2372
TSFM	157	115	hepg2	HepG2	1	0.43850818276405334	2372
HOXA3	517	209	hepg2	HepG2	1	0.43850818276405334	2372
RPL38	23	25	hepg2	HepG2	1	0.43850818276405334	2372
C17orf58	1174	1051	hepg2	HepG2	1	0.43850818276405334	2372
USP10	173	236	hepg2	HepG2	1	0.43850818276405334	2372
ATP6V0D1	782	756	hepg2	HepG2	1	0.43850818276405334	2372
ADAM10	106	177	hepg2	HepG2	1	0.43850818276405334	2372
SMC6	2028	2047	hepg2	HepG2	1	0.43850818276405334	2372
SRRM1	1178	1500	hepg2	HepG2	1	0.43850818276405334	2372
SMC4	2076	2122	hepg2	HepG2	1	0.43850818276405334	2372
GNL3L	367	174	hepg2	HepG2	1	0.43850818276405334	2372
POLR3D	519	49	hepg2	HepG2	1	0.43850818276405334	2372
GNPAT	351	122	hepg2	HepG2	1	0.43850818276405334	2372
EXOSC6	288	16	hepg2	HepG2	1	0.43850818276405334	2372
COG6	2022	1884	hepg2	HepG2	1	0.43850818276405334	2372
TRNP1	1482	473	hepg2	HepG2	1	0.43850818276405334	2372
SMAGP	514	300	hepg2	HepG2	1	0.43850818276405334	2372
ZNHIT6	600	107	hepg2	HepG2	1	0.43850818276405334	2372
REV3L	1580	963	hepg2	HepG2	1	0.43850818276405334	2372
NUMA1	1022	466	hepg2	HepG2	1	0.43850818276405334	2372
SNRNP25	616	638	hepg2	HepG2	1	0.43850818276405334	2372
SRPRB	262	54	hepg2	HepG2	1	0.43850818276405334	2372
MAT2A	1914	1723	hepg2	HepG2	1	0.43850818276405334	2372
SMC1A	42	4	hepg2	HepG2	1	0.43850818276405334	2372
VARS2	302	48	hepg2	HepG2	1	0.43850818276405334	2372
GRPEL1	4	2	hepg2	HepG2	1	0.43850818276405334	2372
PGS1	784	1268	hepg2	HepG2	1	0.43850818276405334	2372
PC	1000	518	hepg2	HepG2	1	0.43850818276405334	2372
PRPF19	57	10	hepg2	HepG2	1	0.43850818276405334	2372
MYB	1404	1341	hepg2	HepG2	1	0.43850818276405334	2372
SEC61G	1129	291	hepg2	HepG2	1	0.43850818276405334	2372
FAF2	1880	1929	hepg2	HepG2	1	0.43850818276405334	2372
CCND1	641	434	hepg2	HepG2	1	0.43850818276405334	2372
RPS15A	43	24	hepg2	HepG2	1	0.43850818276405334	2372
RARS	37	29	hepg2	HepG2	1	0.43850818276405334	2372
MRM1	801	60	hepg2	HepG2	1	0.43850818276405334	2372
RPSA	6	29	hepg2	HepG2	1	0.43850818276405334	2372
UBE2H	2093	2137	hepg2	HepG2	1	0.43850818276405334	2372
HIST1H2BN	1545	1193	hepg2	HepG2	1	0.43850818276405334	2372
LSM3	138	197	hepg2	HepG2	1	0.43850818276405334	2372
DDN	1312	526	hepg2	HepG2	1	0.43850818276405334	2372
MRPL39	20	22	hepg2	HepG2	1	0.43850818276405334	2372
UBR5	2174	2119	hepg2	HepG2	1	0.43850818276405334	2372
ACTR3	533	664	hepg2	HepG2	1	0.43850818276405334	2372
VARS	184	21	hepg2	HepG2	1	0.43850818276405334	2372
HSPA14	285	308	hepg2	HepG2	1	0.43850818276405334	2372
ORC5	134	354	hepg2	HepG2	1	0.43850818276405334	2372
CBLN1	1665	1275	hepg2	HepG2	1	0.43850818276405334	2372
HECTD1	180	20	hepg2	HepG2	1	0.43850818276405334	2372
ITGB1BP1	1569	203	hepg2	HepG2	1	0.43850818276405334	2372
TSEN34	1558	1567	hepg2	HepG2	1	0.43850818276405334	2372
PRPF3	10	20	hepg2	HepG2	1	0.43850818276405334	2372
COPS4	538	16	hepg2	HepG2	1	0.43850818276405334	2372
COX10	547	86	hepg2	HepG2	1	0.43850818276405334	2372
MRPS10	3	8	hepg2	HepG2	1	0.43850818276405334	2372
TARS	196	25	hepg2	HepG2	1	0.43850818276405334	2372
OR1D2	1336	1388	hepg2	HepG2	1	0.43850818276405334	2372
DRAP1	2296	1949	hepg2	HepG2	1	0.43850818276405334	2372
INO80	789	146	hepg2	HepG2	1	0.43850818276405334	2372
UBC	1581	1609	hepg2	HepG2	1	0.43850818276405334	2372
MRPL14	5	19	hepg2	HepG2	1	0.43850818276405334	2372
MRPS21	33	13	hepg2	HepG2	1	0.43850818276405334	2372
MRPS16	654	2	hepg2	HepG2	1	0.43850818276405334	2372
RAD9A	498	635	hepg2	HepG2	1	0.43850818276405334	2372
BOP1	9	52	hepg2	HepG2	1	0.43850818276405334	2372
MST1	1394	1183	hepg2	HepG2	1	0.43850818276405334	2372
INTS1	77	15	hepg2	HepG2	1	0.43850818276405334	2372
UFL1	138	31	hepg2	HepG2	1	0.43850818276405334	2372
PSMD4	320	12	hepg2	HepG2	1	0.43850818276405334	2372
FASN	1999	1900	hepg2	HepG2	1	0.43850818276405334	2372
XRN1	189	1	hepg2	HepG2	1	0.43850818276405334	2372
PRPF18	737	23	hepg2	HepG2	1	0.43850818276405334	2372
BRIP1	1579	1123	hepg2	HepG2	1	0.43850818276405334	2372
PRORP	127	3	hepg2	HepG2	1	0.43850818276405334	2372
HNRNPA1	1718	354	hepg2	HepG2	1	0.43850818276405334	2372
RMI1	812	558	hepg2	HepG2	1	0.43850818276405334	2372
ZNF706	1171	788	hepg2	HepG2	1	0.43850818276405334	2372
YBX1	1971	2005	hepg2	HepG2	1	0.43850818276405334	2372
MAU2	62	268	hepg2	HepG2	1	0.43850818276405334	2372
BUD13	74	7	hepg2	HepG2	1	0.43850818276405334	2372
FRG2	1477	1531	hepg2	HepG2	1	0.43850818276405334	2372
CDK7	938	180	hepg2	HepG2	1	0.43850818276405334	2372
VPS33A	207	135	hepg2	HepG2	1	0.43850818276405334	2372
ZNF100	684	266	hepg2	HepG2	1	0.43850818276405334	2372
U2SURP	30	9	hepg2	HepG2	1	0.43850818276405334	2372
SUDS3	1249	713	hepg2	HepG2	1	0.43850818276405334	2372
RPS3A	28	8	hepg2	HepG2	1	0.43850818276405334	2372
GPKOW	236	100	hepg2	HepG2	1	0.43850818276405334	2372
EIF4B	23	260	hepg2	HepG2	1	0.43850818276405334	2372
GART	497	130	hepg2	HepG2	1	0.43850818276405334	2372
MED16	2239	1858	hepg2	HepG2	1	0.43850818276405334	2372
COQ2	1016	600	hepg2	HepG2	1	0.43850818276405334	2372
ACSS2	58	3	hepg2	HepG2	1	0.43850818276405334	2372
PPRC1	1	2	hepg2	HepG2	1	0.43850818276405334	2372
OR2T29	571	211	hepg2	HepG2	1	0.43850818276405334	2372
CTBP2	382	802	hepg2	HepG2	1	0.43850818276405334	2372
CTCF	498	24	hepg2	HepG2	1	0.43850818276405334	2372
POLR2B	20	5	hepg2	HepG2	1	0.43850818276405334	2372
FNBP4	986	734	hepg2	HepG2	1	0.43850818276405334	2372
PALB2	496	60	hepg2	HepG2	1	0.43850818276405334	2372
SNAPC2	225	13	hepg2	HepG2	1	0.43850818276405334	2372
SKP1	2026	2020	hepg2	HepG2	1	0.43850818276405334	2372
TXN	1322	1812	hepg2	HepG2	1	0.43850818276405334	2372
SPCS3	240	1147	hepg2	HepG2	1	0.43850818276405334	2372
PRPF38A	544	180	hepg2	HepG2	1	0.43850818276405334	2372
FAM72D	1709	1626	hepg2	HepG2	1	0.43850818276405334	2372
LAMTOR3	1684	927	hepg2	HepG2	1	0.43850818276405334	2372
CACTIN	131	12	hepg2	HepG2	1	0.43850818276405334	2372
USP19	1603	996	hepg2	HepG2	1	0.43850818276405334	2372
CNOT11	1990	2054	hepg2	HepG2	1	0.43850818276405334	2372
WDR55	1235	463	hepg2	HepG2	1	0.43850818276405334	2372
ZNF506	869	941	hepg2	HepG2	1	0.43850818276405334	2372
USP9X	1986	1905	hepg2	HepG2	1	0.43850818276405334	2372
PPY	643	606	hepg2	HepG2	1	0.43850818276405334	2372
ZNF559	44	68	hepg2	HepG2	1	0.43850818276405334	2372
PPIL1	452	1114	hepg2	HepG2	1	0.43850818276405334	2372
GABPA	1181	1180	hepg2	HepG2	1	0.43850818276405334	2372
N6AMT1	60	299	hepg2	HepG2	1	0.43850818276405334	2372
NEDD1	2328	2224	hepg2	HepG2	1	0.43850818276405334	2372
TTC4	2267	2256	hepg2	HepG2	1	0.43850818276405334	2372
POLR3E	1801	1097	hepg2	HepG2	1	0.43850818276405334	2372
KEAP1	185	6	hepg2	HepG2	1	0.43850818276405334	2372
BRD8	61	865	hepg2	HepG2	1	0.43850818276405334	2372
RABGGTB	854	20	hepg2	HepG2	1	0.43850818276405334	2372
MRPL20	3	63	hepg2	HepG2	1	0.43850818276405334	2372
CCND3	570	350	hepg2	HepG2	1	0.43850818276405334	2372
TLN1	1003	103	hepg2	HepG2	1	0.43850818276405334	2372
WARS	294	55	hepg2	HepG2	1	0.43850818276405334	2372
HNRNPR	2000	2102	hepg2	HepG2	1	0.43850818276405334	2372
PGK1	829	785	hepg2	HepG2	1	0.43850818276405334	2372
OR7A17	1247	574	hepg2	HepG2	1	0.43850818276405334	2372
SF3B2	70	6	hepg2	HepG2	1	0.43850818276405334	2372
RPS11	18	11	hepg2	HepG2	1	0.43850818276405334	2372
POLR2L	2252	2042	hepg2	HepG2	1	0.43850818276405334	2372
HMGCS1	2234	1575	hepg2	HepG2	1	0.43850818276405334	2372
TMED10	16	19	hepg2	HepG2	1	0.43850818276405334	2372
MPHOSPH10	117	46	hepg2	HepG2	1	0.43850818276405334	2372
C1orf131	232	105	hepg2	HepG2	1	0.43850818276405334	2372
SF3A1	1696	1320	hepg2	HepG2	1	0.43850818276405334	2372
CDC45	72	56	hepg2	HepG2	1	0.43850818276405334	2372
PLA2G10	746	375	hepg2	HepG2	1	0.43850818276405334	2372
MZF1	1062	151	hepg2	HepG2	1	0.43850818276405334	2372
GABPB1	659	514	hepg2	HepG2	1	0.43850818276405334	2372
ERAL1	684	277	hepg2	HepG2	1	0.43850818276405334	2372
NHP2	907	130	hepg2	HepG2	1	0.43850818276405334	2372
SP2	12	30	hepg2	HepG2	1	0.43850818276405334	2372
ECT2	52	84	hepg2	HepG2	1	0.43850818276405334	2372
EIF3I	23	4	hepg2	HepG2	1	0.43850818276405334	2372
SUPT5H	95	52	hepg2	HepG2	1	0.43850818276405334	2372
RPL37A	7	14	hepg2	HepG2	1	0.43850818276405334	2372
MRPS33	59	38	hepg2	HepG2	1	0.43850818276405334	2372
DSN1	1091	1312	hepg2	HepG2	1	0.43850818276405334	2372
SDR39U1	275	19	hepg2	HepG2	1	0.43850818276405334	2372
NCAPG	116	455	hepg2	HepG2	1	0.43850818276405334	2372
UNC50	469	416	hepg2	HepG2	1	0.43850818276405334	2372
EXOSC1	918	783	hepg2	HepG2	1	0.43850818276405334	2372
SMG8	308	36	hepg2	HepG2	1	0.43850818276405334	2372
GTF2F1	524	339	hepg2	HepG2	1	0.43850818276405334	2372
USP7	344	103	hepg2	HepG2	1	0.43850818276405334	2372
VPS28	242	44	hepg2	HepG2	1	0.43850818276405334	2372
CENPP	869	84	hepg2	HepG2	1	0.43850818276405334	2372
DCTN5	810	1392	hepg2	HepG2	1	0.43850818276405334	2372
CEP68	1702	1354	hepg2	HepG2	1	0.43850818276405334	2372
HDAC7	270	7	hepg2	HepG2	1	0.43850818276405334	2372
RNF113A	429	28	hepg2	HepG2	1	0.43850818276405334	2372
TDGF1	1743	1570	hepg2	HepG2	1	0.43850818276405334	2372
BCLAF1	906	1677	hepg2	HepG2	1	0.43850818276405334	2372
COPG1	1625	1602	hepg2	HepG2	1	0.43850818276405334	2372
BRF2	1602	676	hepg2	HepG2	1	0.43850818276405334	2372
ZNF658	1135	1080	hepg2	HepG2	1	0.43850818276405334	2372
ELOF1	429	521	hepg2	HepG2	1	0.43850818276405334	2372
KRT10	1530	1194	hepg2	HepG2	1	0.43850818276405334	2372
TAF1C	319	494	hepg2	HepG2	1	0.43850818276405334	2372
TBC1D28	1884	2096	hepg2	HepG2	1	0.43850818276405334	2372
MRPS35	225	15	hepg2	HepG2	1	0.43850818276405334	2372
RPL37	435	65	hepg2	HepG2	1	0.43850818276405334	2372
DMRTA2	1359	811	hepg2	HepG2	1	0.43850818276405334	2372
HARS	37	10	hepg2	HepG2	1	0.43850818276405334	2372
JMJD6	1274	1248	hepg2	HepG2	1	0.43850818276405334	2372
PRPF40A	716	22	hepg2	HepG2	1	0.43850818276405334	2372
RPL34	21	16	hepg2	HepG2	1	0.43850818276405334	2372
ATP1A1	2182	1848	hepg2	HepG2	1	0.43850818276405334	2372
CAD	511	685	hepg2	HepG2	1	0.43850818276405334	2372
DYNC1H1	619	484	hepg2	HepG2	1	0.43850818276405334	2372
PAF1	572	4	hepg2	HepG2	1	0.43850818276405334	2372
MTG2	2059	2108	hepg2	HepG2	1	0.43850818276405334	2372
CSNK1A1	353	185	hepg2	HepG2	1	0.43850818276405334	2372
RFC3	8	257	hepg2	HepG2	1	0.43850818276405334	2372
BAG6	113	4	hepg2	HepG2	1	0.43850818276405334	2372
AARS2	172	57	hepg2	HepG2	1	0.43850818276405334	2372
CDC7	64	10	hepg2	HepG2	1	0.43850818276405334	2372
MARS	2	2	hepg2	HepG2	1	0.43850818276405334	2372
NRF1	3	139	hepg2	HepG2	1	0.43850818276405334	2372
NASP	1840	1931	hepg2	HepG2	1	0.43850818276405334	2372
EFR3A	1714	1970	hepg2	HepG2	1	0.43850818276405334	2372
CYC1	140	258	hepg2	HepG2	1	0.43850818276405334	2372
UBAP1	127	22	hepg2	HepG2	1	0.43850818276405334	2372
DPH2	1271	1110	hepg2	HepG2	1	0.43850818276405334	2372
RPIA	870	932	hepg2	HepG2	1	0.43850818276405334	2372
EXOSC10	915	1207	hepg2	HepG2	1	0.43850818276405334	2372
HUWE1	2186	1673	hepg2	HepG2	1	0.43850818276405334	2372
INPPL1	618	143	hepg2	HepG2	1	0.43850818276405334	2372
KRT8	1500	1562	hepg2	HepG2	1	0.43850818276405334	2372
BRK1	172	173	hepg2	HepG2	1	0.43850818276405334	2372
MRPS27	30	40	hepg2	HepG2	1	0.43850818276405334	2372
DHDDS	706	119	hepg2	HepG2	1	0.43850818276405334	2372
SNAPC1	1041	135	hepg2	HepG2	1	0.43850818276405334	2372
GOSR2	550	423	hepg2	HepG2	1	0.43850818276405334	2372
GTF2H1	255	17	hepg2	HepG2	1	0.43850818276405334	2372
AP2A1	45	88	hepg2	HepG2	1	0.43850818276405334	2372
COX6C	1082	619	hepg2	HepG2	1	0.43850818276405334	2372
MED27	570	207	hepg2	HepG2	1	0.43850818276405334	2372
MANF	1266	977	hepg2	HepG2	1	0.43850818276405334	2372
MAK16	83	59	hepg2	HepG2	1	0.43850818276405334	2372
SEC13	161	522	hepg2	HepG2	1	0.43850818276405334	2372
CCT3	200	42	hepg2	HepG2	1	0.43850818276405334	2372
EEF1G	1612	1440	hepg2	HepG2	1	0.43850818276405334	2372
LUC7L3	1109	910	hepg2	HepG2	1	0.43850818276405334	2372
INO80E	898	304	hepg2	HepG2	1	0.43850818276405334	2372
SAMM50	16	25	hepg2	HepG2	1	0.43850818276405334	2372
YPEL1	2051	2158	hepg2	HepG2	1	0.43850818276405334	2372
PSMC1	23	19	hepg2	HepG2	1	0.43850818276405334	2372
HMGCR	565	606	hepg2	HepG2	1	0.43850818276405334	2372
SEC16A	2288	2042	hepg2	HepG2	1	0.43850818276405334	2372
SGPP1	1277	1516	hepg2	HepG2	1	0.43850818276405334	2372
PRKRA	1708	1918	hepg2	HepG2	1	0.43850818276405334	2372
RIOK1	107	56	hepg2	HepG2	1	0.43850818276405334	2372
RPL18	11	6	hepg2	HepG2	1	0.43850818276405334	2372
COPE	1178	670	hepg2	HepG2	1	0.43850818276405334	2372
PSMC3	40	34	hepg2	HepG2	1	0.43850818276405334	2372
MICOS10	385	701	hepg2	HepG2	1	0.43850818276405334	2372
KIAA0586	559	2	hepg2	HepG2	1	0.43850818276405334	2372
OR4N2	683	416	hepg2	HepG2	1	0.43850818276405334	2372
KDM5C	1073	1303	hepg2	HepG2	1	0.43850818276405334	2372
NDUFAB1	1843	265	hepg2	HepG2	1	0.43850818276405334	2372
COG2	645	605	hepg2	HepG2	1	0.43850818276405334	2372
RAC1	39	253	hepg2	HepG2	1	0.43850818276405334	2372
KDM2A	2070	2007	hepg2	HepG2	1	0.43850818276405334	2372
GTF3C6	140	237	hepg2	HepG2	1	0.43850818276405334	2372
DIS3	1251	9	hepg2	HepG2	1	0.43850818276405334	2372
NSL1	164	137	hepg2	HepG2	1	0.43850818276405334	2372
VPS18	1943	1865	hepg2	HepG2	1	0.43850818276405334	2372
KCNA10	954	646	hepg2	HepG2	1	0.43850818276405334	2372
RFC2	237	348	hepg2	HepG2	1	0.43850818276405334	2372
PPP1CA	523	473	hepg2	HepG2	1	0.43850818276405334	2372
IGBP1	430	1246	hepg2	HepG2	1	0.43850818276405334	2372
NCBP2	343	24	hepg2	HepG2	1	0.43850818276405334	2372
POLR3K	210	272	hepg2	HepG2	1	0.43850818276405334	2372
AURKAIP1	364	194	hepg2	HepG2	1	0.43850818276405334	2372
MRPS31	179	7	hepg2	HepG2	1	0.43850818276405334	2372
CCP110	941	614	hepg2	HepG2	1	0.43850818276405334	2372
ZNF674	991	327	hepg2	HepG2	1	0.43850818276405334	2372
DDX24	1063	13	hepg2	HepG2	1	0.43850818276405334	2372
ZNF720	1929	1721	hepg2	HepG2	1	0.43850818276405334	2372
MOG	1530	1369	hepg2	HepG2	1	0.43850818276405334	2372
ACTL6A	2008	1908	hepg2	HepG2	1	0.43850818276405334	2372
ALG1	200	149	hepg2	HepG2	1	0.43850818276405334	2372
RBM22	732	1386	hepg2	HepG2	1	0.43850818276405334	2372
POLE	620	379	hepg2	HepG2	1	0.43850818276405334	2372
PPWD1	185	385	hepg2	HepG2	1	0.43850818276405334	2372
KARS	1395	1452	hepg2	HepG2	1	0.43850818276405334	2372
PPP1R15B	105	95	hepg2	HepG2	1	0.43850818276405334	2372
KIF14	1438	1771	hepg2	HepG2	1	0.43850818276405334	2372
FXN	404	491	hepg2	HepG2	1	0.43850818276405334	2372
NEPRO	27	37	hepg2	HepG2	1	0.43850818276405334	2372
EIF4E	143	40	hepg2	HepG2	1	0.43850818276405334	2372
INTS6	1663	617	hepg2	HepG2	1	0.43850818276405334	2372
KATNB1	150	148	hepg2	HepG2	1	0.43850818276405334	2372
RNF20	2138	2234	hepg2	HepG2	1	0.43850818276405334	2372
RPL14	12	4	hepg2	HepG2	1	0.43850818276405334	2372
HIST2H3A	1716	991	hepg2	HepG2	1	0.43850818276405334	2372
GATA1	221	551	hepg2	HepG2	1	0.43850818276405334	2372
MRPS18C	623	26	hepg2	HepG2	1	0.43850818276405334	2372
EIF3F	32	51	hepg2	HepG2	1	0.43850818276405334	2372
GET3	412	200	hepg2	HepG2	1	0.43850818276405334	2372
ATP5MD	1307	1286	hepg2	HepG2	1	0.43850818276405334	2372
METTL21A	8	3	hepg2	HepG2	1	0.43850818276405334	2372
PRDM8	736	132	hepg2	HepG2	1	0.43850818276405334	2372
RAB6A	1814	1418	hepg2	HepG2	1	0.43850818276405334	2372
PLRG1	831	73	hepg2	HepG2	1	0.43850818276405334	2372
TAF1B	808	954	hepg2	HepG2	1	0.43850818276405334	2372
CEP152	1352	963	hepg2	HepG2	1	0.43850818276405334	2372
U2AF2	1370	1085	hepg2	HepG2	1	0.43850818276405334	2372
POLD3	1245	317	hepg2	HepG2	1	0.43850818276405334	2372
NCAPD3	892	1348	hepg2	HepG2	1	0.43850818276405334	2372
WDFY3	277	143	hepg2	HepG2	1	0.43850818276405334	2372
RNF168	804	1082	hepg2	HepG2	1	0.43850818276405334	2372
ATP6V1C1	1479	1663	hepg2	HepG2	1	0.43850818276405334	2372
PCM1	752	723	hepg2	HepG2	1	0.43850818276405334	2372
CDC16	1864	622	hepg2	HepG2	1	0.43850818276405334	2372
NANOG	1938	1761	hepg2	HepG2	1	0.43850818276405334	2372
SACM1L	53	70	hepg2	HepG2	1	0.43850818276405334	2372
NDUFA8	57	15	hepg2	HepG2	1	0.43850818276405334	2372
POLR1B	560	2	hepg2	HepG2	1	0.43850818276405334	2372
HBS1L	277	35	hepg2	HepG2	1	0.43850818276405334	2372
PPIE	898	318	hepg2	HepG2	1	0.43850818276405334	2372
SPCS2	53	5	hepg2	HepG2	1	0.43850818276405334	2372
SRSF3	123	51	hepg2	HepG2	1	0.43850818276405334	2372
PPP4C	2235	2164	hepg2	HepG2	1	0.43850818276405334	2372
CHMP3	1272	1369	hepg2	HepG2	1	0.43850818276405334	2372
ATIC	1746	1290	hepg2	HepG2	1	0.43850818276405334	2372
RPLP1	1126	107	hepg2	HepG2	1	0.43850818276405334	2372
KIF20A	1247	935	hepg2	HepG2	1	0.43850818276405334	2372
DBF4	1740	1394	hepg2	HepG2	1	0.43850818276405334	2372
AGBL5	68	724	hepg2	HepG2	1	0.43850818276405334	2372
XPO5	2229	1952	hepg2	HepG2	1	0.43850818276405334	2372
MRPL22	44	45	hepg2	HepG2	1	0.43850818276405334	2372
CENPH	1423	1228	hepg2	HepG2	1	0.43850818276405334	2372
HSPH1	329	191	hepg2	HepG2	1	0.43850818276405334	2372
RAD51D	1223	1175	hepg2	HepG2	1	0.43850818276405334	2372
ARIH1	1082	1368	hepg2	HepG2	1	0.43850818276405334	2372
SNF8	1068	697	hepg2	HepG2	1	0.43850818276405334	2372
CBLL1	1592	1942	hepg2	HepG2	1	0.43850818276405334	2372
TIMELESS	149	175	hepg2	HepG2	1	0.43850818276405334	2372
ACD	1202	1669	hepg2	HepG2	1	0.43850818276405334	2372
MRPL21	93	37	hepg2	HepG2	1	0.43850818276405334	2372
ZC3H18	2190	2277	hepg2	HepG2	1	0.43850818276405334	2372
SDHD	760	978	hepg2	HepG2	1	0.43850818276405334	2372
SMG5	6	4	k562	K562	1	0.36152923107147217	1086
HNRNPH1	548	527	k562	K562	1	0.36152923107147217	1086
RPL10A	4	8	k562	K562	1	0.36152923107147217	1086
EIF3E	10	46	k562	K562	1	0.36152923107147217	1086
MRPS14	35	36	k562	K562	1	0.36152923107147217	1086
EIF3M	36	16	k562	K562	1	0.36152923107147217	1086
RPL13	2	5	k562	K562	1	0.36152923107147217	1086
SNAPC3	83	13	k562	K562	1	0.36152923107147217	1086
NBAS	69	9	k562	K562	1	0.36152923107147217	1086
ELP5	69	58	k562	K562	1	0.36152923107147217	1086
RPS6	22	19	k562	K562	1	0.36152923107147217	1086
SEC13	556	413	k562	K562	1	0.36152923107147217	1086
SFSWAP	61	22	k562	K562	1	0.36152923107147217	1086
SLU7	57	8	k562	K562	1	0.36152923107147217	1086
POLA1	42	22	k562	K562	1	0.36152923107147217	1086
GFER	155	232	k562	K562	1	0.36152923107147217	1086
C1QBP	147	73	k562	K562	1	0.36152923107147217	1086
SNRNP200	45	12	k562	K562	1	0.36152923107147217	1086
NUDC	476	331	k562	K562	1	0.36152923107147217	1086
PCF11	8	45	k562	K562	1	0.36152923107147217	1086
PSMA3	1	2	k562	K562	1	0.36152923107147217	1086
RPS26	12	5	k562	K562	1	0.36152923107147217	1086
GRPEL1	25	18	k562	K562	1	0.36152923107147217	1086
PHF5A	21	13	k562	K562	1	0.36152923107147217	1086
ZNHIT6	103	53	k562	K562	1	0.36152923107147217	1086
SRBD1	926	864	k562	K562	1	0.36152923107147217	1086
MFAP1	45	18	k562	K562	1	0.36152923107147217	1086
RPS19	52	41	k562	K562	1	0.36152923107147217	1086
ARGLU1	318	132	k562	K562	1	0.36152923107147217	1086
GTF2E2	12	10	k562	K562	1	0.36152923107147217	1086
DYNLRB1	214	138	k562	K562	1	0.36152923107147217	1086
TSR2	14	12	k562	K562	1	0.36152923107147217	1086
COG2	1007	752	k562	K562	1	0.36152923107147217	1086
SFPQ	446	284	k562	K562	1	0.36152923107147217	1086
MRPL18	14	31	k562	K562	1	0.36152923107147217	1086
NAA15	247	88	k562	K562	1	0.36152923107147217	1086
DONSON	35	40	k562	K562	1	0.36152923107147217	1086
RARS2	58	5	k562	K562	1	0.36152923107147217	1086
RPF1	46	31	k562	K562	1	0.36152923107147217	1086
ZBTB17	581	556	k562	K562	1	0.36152923107147217	1086
DPH2	29	30	k562	K562	1	0.36152923107147217	1086
TAF10	2	1	k562	K562	1	0.36152923107147217	1086
XPO1	60	27	k562	K562	1	0.36152923107147217	1086
NUP54	88	6	k562	K562	1	0.36152923107147217	1086
SSRP1	3	4	k562	K562	1	0.36152923107147217	1086
SON	74	16	k562	K562	1	0.36152923107147217	1086
BGLAP	192	67	k562	K562	1	0.36152923107147217	1086
PSMD7	15	16	k562	K562	1	0.36152923107147217	1086
SUGT1	553	348	k562	K562	1	0.36152923107147217	1086
CENPE	21	16	k562	K562	1	0.36152923107147217	1086
MZT1	95	102	k562	K562	1	0.36152923107147217	1086
NFRKB	187	22	k562	K562	1	0.36152923107147217	1086
RPS14	24	27	k562	K562	1	0.36152923107147217	1086
SNRPG	9	2	k562	K562	1	0.36152923107147217	1086
MRPL38	47	1	k562	K562	1	0.36152923107147217	1086
MAGOH	137	51	k562	K562	1	0.36152923107147217	1086
DNTTIP2	45	29	k562	K562	1	0.36152923107147217	1086
U2AF1	18	16	k562	K562	1	0.36152923107147217	1086
NOL6	16	13	k562	K562	1	0.36152923107147217	1086
SF3A2	17	7	k562	K562	1	0.36152923107147217	1086
TXN	8	5	k562	K562	1	0.36152923107147217	1086
ORC5	67	57	k562	K562	1	0.36152923107147217	1086
DDX49	12	12	k562	K562	1	0.36152923107147217	1086
ANKRD11	18	13	k562	K562	1	0.36152923107147217	1086
CCDC86	23	11	k562	K562	1	0.36152923107147217	1086
RPS21	56	12	k562	K562	1	0.36152923107147217	1086
POLE	17	26	k562	K562	1	0.36152923107147217	1086
TRMT10C	71	96	k562	K562	1	0.36152923107147217	1086
VPS29	29	6	k562	K562	1	0.36152923107147217	1086
CWC15	21	2	k562	K562	1	0.36152923107147217	1086
CHMP6	15	4	k562	K562	1	0.36152923107147217	1086
RBX1	26	30	k562	K562	1	0.36152923107147217	1086
BRIX1	1	1	k562	K562	1	0.36152923107147217	1086
PTCD1	219	165	k562	K562	1	0.36152923107147217	1086
HIRA	180	230	k562	K562	1	0.36152923107147217	1086
POP4	38	25	k562	K562	1	0.36152923107147217	1086
DYNC1H1	589	641	k562	K562	1	0.36152923107147217	1086
POLR3B	229	99	k562	K562	1	0.36152923107147217	1086
DNAJC8	147	4	k562	K562	1	0.36152923107147217	1086
QARS	3	1	k562	K562	1	0.36152923107147217	1086
WBP11	45	21	k562	K562	1	0.36152923107147217	1086
MCM10	147	127	k562	K562	1	0.36152923107147217	1086
PSMD1	4	2	k562	K562	1	0.36152923107147217	1086
MED20	13	18	k562	K562	1	0.36152923107147217	1086
DERL2	279	50	k562	K562	1	0.36152923107147217	1086
VPS54	254	6	k562	K562	1	0.36152923107147217	1086
WDR12	25	24	k562	K562	1	0.36152923107147217	1086
OXA1L	70	60	k562	K562	1	0.36152923107147217	1086
SART3	1	1	k562	K562	1	0.36152923107147217	1086
TEX10	3	6	k562	K562	1	0.36152923107147217	1086
GTF2E1	13	4	k562	K562	1	0.36152923107147217	1086
DDX54	38	40	k562	K562	1	0.36152923107147217	1086
E4F1	23	4	k562	K562	1	0.36152923107147217	1086
RIOK1	24	23	k562	K562	1	0.36152923107147217	1086
EBNA1BP2	9	11	k562	K562	1	0.36152923107147217	1086
EIF5A	381	424	k562	K562	1	0.36152923107147217	1086
SF3B2	23	3	k562	K562	1	0.36152923107147217	1086
ACTR8	77	7	k562	K562	1	0.36152923107147217	1086
EXOSC2	3	3	k562	K562	1	0.36152923107147217	1086
ALG13	559	228	k562	K562	1	0.36152923107147217	1086
CPSF3	77	2	k562	K562	1	0.36152923107147217	1086
RBM42	92	91	k562	K562	1	0.36152923107147217	1086
CDC40	295	237	k562	K562	1	0.36152923107147217	1086
PPP1R11	609	489	k562	K562	1	0.36152923107147217	1086
SF3B3	50	18	k562	K562	1	0.36152923107147217	1086
MRPL54	7	12	k562	K562	1	0.36152923107147217	1086
WDHD1	27	25	k562	K562	1	0.36152923107147217	1086
FCF1	13	11	k562	K562	1	0.36152923107147217	1086
LSM4	13	5	k562	K562	1	0.36152923107147217	1086
IGBP1	228	79	k562	K562	1	0.36152923107147217	1086
SNRNP27	20	53	k562	K562	1	0.36152923107147217	1086
GFM1	28	7	k562	K562	1	0.36152923107147217	1086
POLR2E	29	39	k562	K562	1	0.36152923107147217	1086
SNRPD1	4	2	k562	K562	1	0.36152923107147217	1086
RFC3	14	11	k562	K562	1	0.36152923107147217	1086
MRPS26	116	76	k562	K562	1	0.36152923107147217	1086
RCC1	184	311	k562	K562	1	0.36152923107147217	1086
NEDD1	313	291	k562	K562	1	0.36152923107147217	1086
DDX5	996	985	k562	K562	1	0.36152923107147217	1086
EIF2S1	5	2	k562	K562	1	0.36152923107147217	1086
CUL1	3	26	k562	K562	1	0.36152923107147217	1086
KRI1	107	105	k562	K562	1	0.36152923107147217	1086
ZNF335	326	255	k562	K562	1	0.36152923107147217	1086
GPKOW	14	10	k562	K562	1	0.36152923107147217	1086
POLR2F	19	19	k562	K562	1	0.36152923107147217	1086
USP36	280	234	k562	K562	1	0.36152923107147217	1086
NARS	9	10	k562	K562	1	0.36152923107147217	1086
MRPL3	10	10	k562	K562	1	0.36152923107147217	1086
RPL8	19	20	k562	K562	1	0.36152923107147217	1086
FASTKD5	874	734	k562	K562	1	0.36152923107147217	1086
RNGTT	3	1	k562	K562	1	0.36152923107147217	1086
POLR3D	492	236	k562	K562	1	0.36152923107147217	1086
MED31	72	63	k562	K562	1	0.36152923107147217	1086
CSTF1	17	31	k562	K562	1	0.36152923107147217	1086
TSR1	68	53	k562	K562	1	0.36152923107147217	1086
MRPL4	2	3	k562	K562	1	0.36152923107147217	1086
MCM3AP	84	90	k562	K562	1	0.36152923107147217	1086
TRMT5	43	21	k562	K562	1	0.36152923107147217	1086
MRPS27	253	194	k562	K562	1	0.36152923107147217	1086
RBM39	105	76	k562	K562	1	0.36152923107147217	1086
HSPA8	193	133	k562	K562	1	0.36152923107147217	1086
SURF6	11	18	k562	K562	1	0.36152923107147217	1086
NUBP1	396	314	k562	K562	1	0.36152923107147217	1086
HEATR1	18	11	k562	K562	1	0.36152923107147217	1086
PRPF4B	46	37	k562	K562	1	0.36152923107147217	1086
POLR1E	5	6	k562	K562	1	0.36152923107147217	1086
MRPS24	127	119	k562	K562	1	0.36152923107147217	1086
EIF2B3	14	20	k562	K562	1	0.36152923107147217	1086
SRFBP1	66	32	k562	K562	1	0.36152923107147217	1086
PUF60	106	9	k562	K562	1	0.36152923107147217	1086
RPS23	5	6	k562	K562	1	0.36152923107147217	1086
SCFD1	2	4	k562	K562	1	0.36152923107147217	1086
MDN1	1	11	k562	K562	1	0.36152923107147217	1086
CHERP	11	39	k562	K562	1	0.36152923107147217	1086
SRRM1	80	38	k562	K562	1	0.36152923107147217	1086
POLR3F	247	105	k562	K562	1	0.36152923107147217	1086
MRPL50	109	44	k562	K562	1	0.36152923107147217	1086
RPP14	88	68	k562	K562	1	0.36152923107147217	1086
RPL9	21	25	k562	K562	1	0.36152923107147217	1086
PRPF8	15	9	k562	K562	1	0.36152923107147217	1086
HSPE1	8	20	k562	K562	1	0.36152923107147217	1086
ECD	83	13	k562	K562	1	0.36152923107147217	1086
RPL10	40	33	k562	K562	1	0.36152923107147217	1086
AP2S1	425	369	k562	K562	1	0.36152923107147217	1086
TSEN2	18	20	k562	K562	1	0.36152923107147217	1086
PIAS4	117	14	k562	K562	1	0.36152923107147217	1086
MRPS11	123	92	k562	K562	1	0.36152923107147217	1086
BYSL	114	105	k562	K562	1	0.36152923107147217	1086
ZCRB1	138	68	k562	K562	1	0.36152923107147217	1086
GNL3L	44	49	k562	K562	1	0.36152923107147217	1086
CDC23	104	113	k562	K562	1	0.36152923107147217	1086
DBR1	89	64	k562	K562	1	0.36152923107147217	1086
NSA2	2	7	k562	K562	1	0.36152923107147217	1086
CTR9	5	3	k562	K562	1	0.36152923107147217	1086
DLD	186	75	k562	K562	1	0.36152923107147217	1086
RBM28	20	9	k562	K562	1	0.36152923107147217	1086
PSMB1	4	8	k562	K562	1	0.36152923107147217	1086
FTSJ3	19	22	k562	K562	1	0.36152923107147217	1086
WDR82	101	42	k562	K562	1	0.36152923107147217	1086
POLR3C	578	319	k562	K562	1	0.36152923107147217	1086
DHX37	27	13	k562	K562	1	0.36152923107147217	1086
SAP18	122	17	k562	K562	1	0.36152923107147217	1086
GNL3	6	8	k562	K562	1	0.36152923107147217	1086
NDC80	52	30	k562	K562	1	0.36152923107147217	1086
TTC27	4	2	k562	K562	1	0.36152923107147217	1086
CDC123	50	60	k562	K562	1	0.36152923107147217	1086
WDR3	79	73	k562	K562	1	0.36152923107147217	1086
WDR43	5	3	k562	K562	1	0.36152923107147217	1086
RPL35A	9	13	k562	K562	1	0.36152923107147217	1086
NUTF2	43	16	k562	K562	1	0.36152923107147217	1086
SNRPE	8	4	k562	K562	1	0.36152923107147217	1086
CSTF3	128	29	k562	K562	1	0.36152923107147217	1086
WDR5	20	106	k562	K562	1	0.36152923107147217	1086
YEATS2	1	2	k562	K562	1	0.36152923107147217	1086
PSMA2	18	6	k562	K562	1	0.36152923107147217	1086
HNRNPM	49	30	k562	K562	1	0.36152923107147217	1086
RPL11	73	69	k562	K562	1	0.36152923107147217	1086
MED26	73	84	k562	K562	1	0.36152923107147217	1086
FAM50A	95	52	k562	K562	1	0.36152923107147217	1086
SMC4	322	107	k562	K562	1	0.36152923107147217	1086
THOC7	22	18	k562	K562	1	0.36152923107147217	1086
EIF3F	120	16	k562	K562	1	0.36152923107147217	1086
MRPL49	123	32	k562	K562	1	0.36152923107147217	1086
EIF3J	92	93	k562	K562	1	0.36152923107147217	1086
PSMD4	6	3	k562	K562	1	0.36152923107147217	1086
SCAF1	82	14	k562	K562	1	0.36152923107147217	1086
RNMT	8	4	k562	K562	1	0.36152923107147217	1086
PPP4R2	4	25	k562	K562	1	0.36152923107147217	1086
ARPC4	377	269	k562	K562	1	0.36152923107147217	1086
DDOST	273	17	k562	K562	1	0.36152923107147217	1086
MRPL32	89	64	k562	K562	1	0.36152923107147217	1086
RNF40	159	5	k562	K562	1	0.36152923107147217	1086
HSD17B12	329	321	k562	K562	1	0.36152923107147217	1086
EXOSC10	47	13	k562	K562	1	0.36152923107147217	1086
NOP10	27	50	k562	K562	1	0.36152923107147217	1086
CPSF4	65	5	k562	K562	1	0.36152923107147217	1086
OGFOD1	8	7	k562	K562	1	0.36152923107147217	1086
RPL18	3	9	k562	K562	1	0.36152923107147217	1086
SPCS3	68	4	k562	K562	1	0.36152923107147217	1086
MED8	12	12	k562	K562	1	0.36152923107147217	1086
WDR70	8	11	k562	K562	1	0.36152923107147217	1086
NRBP1	39	114	k562	K562	1	0.36152923107147217	1086
PRELID1	34	43	k562	K562	1	0.36152923107147217	1086
SNRNP48	109	15	k562	K562	1	0.36152923107147217	1086
TAF6	5	1	k562	K562	1	0.36152923107147217	1086
TCP1	335	179	k562	K562	1	0.36152923107147217	1086
ATP6AP1	299	58	k562	K562	1	0.36152923107147217	1086
ISCU	51	9	k562	K562	1	0.36152923107147217	1086
PAM16	17	3	k562	K562	1	0.36152923107147217	1086
DDX52	74	62	k562	K562	1	0.36152923107147217	1086
SIN3A	65	37	k562	K562	1	0.36152923107147217	1086
NCAPH	900	777	k562	K562	1	0.36152923107147217	1086
PDCD2	122	103	k562	K562	1	0.36152923107147217	1086
SPC25	2	1	k562	K562	1	0.36152923107147217	1086
XRCC6	285	33	k562	K562	1	0.36152923107147217	1086
WDTC1	222	198	k562	K562	1	0.36152923107147217	1086
RFC4	43	45	k562	K562	1	0.36152923107147217	1086
CNIH4	102	23	k562	K562	1	0.36152923107147217	1086
HAUS5	232	256	k562	K562	1	0.36152923107147217	1086
PRPF3	47	3	k562	K562	1	0.36152923107147217	1086
SRP68	47	16	k562	K562	1	0.36152923107147217	1086
NDUFA8	50	32	k562	K562	1	0.36152923107147217	1086
PET117	10	25	k562	K562	1	0.36152923107147217	1086
VPS72	32	5	k562	K562	1	0.36152923107147217	1086
UQCRB	19	25	k562	K562	1	0.36152923107147217	1086
RBM19	91	37	k562	K562	1	0.36152923107147217	1086
RPS5	32	26	k562	K562	1	0.36152923107147217	1086
SDC1	35	48	k562	K562	1	0.36152923107147217	1086
MTPAP	15	5	k562	K562	1	0.36152923107147217	1086
ARIH1	1022	864	k562	K562	1	0.36152923107147217	1086
DDX41	70	41	k562	K562	1	0.36152923107147217	1086
HSCB	373	389	k562	K562	1	0.36152923107147217	1086
HNRNPU	22	15	k562	K562	1	0.36152923107147217	1086
DAD1	22	22	k562	K562	1	0.36152923107147217	1086
MRPS18A	5	5	k562	K562	1	0.36152923107147217	1086
POLD2	29	13	k562	K562	1	0.36152923107147217	1086
HGS	95	66	k562	K562	1	0.36152923107147217	1086
UTP3	68	72	k562	K562	1	0.36152923107147217	1086
CENPC	15	9	k562	K562	1	0.36152923107147217	1086
RRP7A	32	34	k562	K562	1	0.36152923107147217	1086
NELFA	1	1	k562	K562	1	0.36152923107147217	1086
RRN3	52	43	k562	K562	1	0.36152923107147217	1086
PSMA6	19	16	k562	K562	1	0.36152923107147217	1086
TBL3	93	70	k562	K562	1	0.36152923107147217	1086
CWC22	182	139	k562	K562	1	0.36152923107147217	1086
PWP2	72	36	k562	K562	1	0.36152923107147217	1086
PRPF31	23	2	k562	K562	1	0.36152923107147217	1086
EIF3G	7	2	k562	K562	1	0.36152923107147217	1086
PGPEP1	67	64	k562	K562	1	0.36152923107147217	1086
OPA1	82	84	k562	K562	1	0.36152923107147217	1086
EXOC7	55	36	k562	K562	1	0.36152923107147217	1086
BMS1	77	83	k562	K562	1	0.36152923107147217	1086
RRP12	13	12	rpe1	RPE1	1	0.41910871863365173	1534
NAA20	980	565	rpe1	RPE1	1	0.41910871863365173	1534
GPS2	437	458	rpe1	RPE1	1	0.41910871863365173	1534
MEN1	131	93	rpe1	RPE1	1	0.41910871863365173	1534
PGAM5	230	479	rpe1	RPE1	1	0.41910871863365173	1534
TFAM	14	10	rpe1	RPE1	1	0.41910871863365173	1534
NOLC1	29	12	rpe1	RPE1	1	0.41910871863365173	1534
PRC1	81	61	rpe1	RPE1	1	0.41910871863365173	1534
PSTK	183	146	rpe1	RPE1	1	0.41910871863365173	1534
CCDC78	911	688	rpe1	RPE1	1	0.41910871863365173	1534
CAMLG	277	163	rpe1	RPE1	1	0.41910871863365173	1534
DCTN3	456	286	rpe1	RPE1	1	0.41910871863365173	1534
FOLR3	148	53	rpe1	RPE1	1	0.41910871863365173	1534
WDTC1	1031	1029	rpe1	RPE1	1	0.41910871863365173	1534
PPP6C	264	59	rpe1	RPE1	1	0.41910871863365173	1534
GTF3C2	60	2	rpe1	RPE1	1	0.41910871863365173	1534
UBR4	697	1022	rpe1	RPE1	1	0.41910871863365173	1534
PTEN	874	658	rpe1	RPE1	1	0.41910871863365173	1534
MYBBP1A	34	13	rpe1	RPE1	1	0.41910871863365173	1534
ZBTB14	4	7	rpe1	RPE1	1	0.41910871863365173	1534
KARS	40	3	rpe1	RPE1	1	0.41910871863365173	1534
HSPA9	345	49	rpe1	RPE1	1	0.41910871863365173	1534
MCM3	19	27	rpe1	RPE1	1	0.41910871863365173	1534
DDX47	2	3	rpe1	RPE1	1	0.41910871863365173	1534
GPS1	89	8	rpe1	RPE1	1	0.41910871863365173	1534
LMO2	720	569	rpe1	RPE1	1	0.41910871863365173	1534
LTBP4	496	459	rpe1	RPE1	1	0.41910871863365173	1534
FAM136A	205	518	rpe1	RPE1	1	0.41910871863365173	1534
SERF2	663	443	rpe1	RPE1	1	0.41910871863365173	1534
METTL21A	3	14	rpe1	RPE1	1	0.41910871863365173	1534
MYBL2	202	171	rpe1	RPE1	1	0.41910871863365173	1534
RFC2	4	4	rpe1	RPE1	1	0.41910871863365173	1534
CPSF3	484	16	rpe1	RPE1	1	0.41910871863365173	1534
VPS25	238	129	rpe1	RPE1	1	0.41910871863365173	1534
DERL2	86	216	rpe1	RPE1	1	0.41910871863365173	1534
PUF60	732	879	rpe1	RPE1	1	0.41910871863365173	1534
EMC7	503	656	rpe1	RPE1	1	0.41910871863365173	1534
CIAO1	102	69	rpe1	RPE1	1	0.41910871863365173	1534
PRRC2A	232	55	rpe1	RPE1	1	0.41910871863365173	1534
COG2	415	394	rpe1	RPE1	1	0.41910871863365173	1534
GAR1	23	6	rpe1	RPE1	1	0.41910871863365173	1534
THOC3	20	3	rpe1	RPE1	1	0.41910871863365173	1534
HARS	22	12	rpe1	RPE1	1	0.41910871863365173	1534
ATP6V1D	22	197	rpe1	RPE1	1	0.41910871863365173	1534
EFTUD2	7	10	rpe1	RPE1	1	0.41910871863365173	1534
PCBP2	623	395	rpe1	RPE1	1	0.41910871863365173	1534
SAMD4B	1357	885	rpe1	RPE1	1	0.41910871863365173	1534
SNRNP200	15	11	rpe1	RPE1	1	0.41910871863365173	1534
MOB4	174	491	rpe1	RPE1	1	0.41910871863365173	1534
UPF3A	801	465	rpe1	RPE1	1	0.41910871863365173	1534
TMEM214	914	656	rpe1	RPE1	1	0.41910871863365173	1534
PLK4	507	172	rpe1	RPE1	1	0.41910871863365173	1534
RBM10	296	343	rpe1	RPE1	1	0.41910871863365173	1534
CHD4	50	578	rpe1	RPE1	1	0.41910871863365173	1534
UROD	674	565	rpe1	RPE1	1	0.41910871863365173	1534
TOMM20	24	13	rpe1	RPE1	1	0.41910871863365173	1534
GTF2E2	7	5	rpe1	RPE1	1	0.41910871863365173	1534
SARS2	689	611	rpe1	RPE1	1	0.41910871863365173	1534
PAF1	451	21	rpe1	RPE1	1	0.41910871863365173	1534
TUBGCP4	107	17	rpe1	RPE1	1	0.41910871863365173	1534
CASC3	114	139	rpe1	RPE1	1	0.41910871863365173	1534
TRAPPC3	799	524	rpe1	RPE1	1	0.41910871863365173	1534
PPP2CA	371	30	rpe1	RPE1	1	0.41910871863365173	1534
TTK	3	2	rpe1	RPE1	1	0.41910871863365173	1534
MCMBP	873	413	rpe1	RPE1	1	0.41910871863365173	1534
PRDM10	72	108	rpe1	RPE1	1	0.41910871863365173	1534
KDM6A	853	671	rpe1	RPE1	1	0.41910871863365173	1534
INTS8	1237	267	rpe1	RPE1	1	0.41910871863365173	1534
GTF3C4	170	57	rpe1	RPE1	1	0.41910871863365173	1534
UBR5	480	547	rpe1	RPE1	1	0.41910871863365173	1534
CDT1	143	47	rpe1	RPE1	1	0.41910871863365173	1534
NKAPD1	221	153	rpe1	RPE1	1	0.41910871863365173	1534
RBM12	1189	1017	rpe1	RPE1	1	0.41910871863365173	1534
CSE1L	554	2	rpe1	RPE1	1	0.41910871863365173	1534
DHX9	808	767	rpe1	RPE1	1	0.41910871863365173	1534
ATP5PO	267	195	rpe1	RPE1	1	0.41910871863365173	1534
ORC6	100	18	rpe1	RPE1	1	0.41910871863365173	1534
TAF13	157	70	rpe1	RPE1	1	0.41910871863365173	1534
XPO1	668	181	rpe1	RPE1	1	0.41910871863365173	1534
UFL1	255	199	rpe1	RPE1	1	0.41910871863365173	1534
RPA3	6	5	rpe1	RPE1	1	0.41910871863365173	1534
POP4	3	2	rpe1	RPE1	1	0.41910871863365173	1534
SYF2	28	3	rpe1	RPE1	1	0.41910871863365173	1534
HYOU1	57	44	rpe1	RPE1	1	0.41910871863365173	1534
SNRPA1	7	4	rpe1	RPE1	1	0.41910871863365173	1534
TXNL4B	222	40	rpe1	RPE1	1	0.41910871863365173	1534
THAP11	247	178	rpe1	RPE1	1	0.41910871863365173	1534
NUP98	126	10	rpe1	RPE1	1	0.41910871863365173	1534
POLR2F	69	29	rpe1	RPE1	1	0.41910871863365173	1534
GTF2A1	173	75	rpe1	RPE1	1	0.41910871863365173	1534
COPS6	682	551	rpe1	RPE1	1	0.41910871863365173	1534
SPC24	431	117	rpe1	RPE1	1	0.41910871863365173	1534
SDHAF2	311	193	rpe1	RPE1	1	0.41910871863365173	1534
NUDT15	467	164	rpe1	RPE1	1	0.41910871863365173	1534
RPL32	37	25	rpe1	RPE1	1	0.41910871863365173	1534
TPT1	955	824	rpe1	RPE1	1	0.41910871863365173	1534
CEP192	153	45	rpe1	RPE1	1	0.41910871863365173	1534
EIF6	164	71	rpe1	RPE1	1	0.41910871863365173	1534
UBQLN4	46	23	rpe1	RPE1	1	0.41910871863365173	1534
C9orf78	390	311	rpe1	RPE1	1	0.41910871863365173	1534
ZNF207	326	61	rpe1	RPE1	1	0.41910871863365173	1534
NELFB	594	11	rpe1	RPE1	1	0.41910871863365173	1534
HSPH1	1228	499	rpe1	RPE1	1	0.41910871863365173	1534
MAD2L2	760	580	rpe1	RPE1	1	0.41910871863365173	1534
ZC3H18	1202	879	rpe1	RPE1	1	0.41910871863365173	1534
ZFC3H1	2	3	rpe1	RPE1	1	0.41910871863365173	1534
MBTPS2	134	155	rpe1	RPE1	1	0.41910871863365173	1534
MFN2	194	62	rpe1	RPE1	1	0.41910871863365173	1534
POP7	51	62	rpe1	RPE1	1	0.41910871863365173	1534
NCKAP1	882	659	rpe1	RPE1	1	0.41910871863365173	1534
HSPE1	64	23	rpe1	RPE1	1	0.41910871863365173	1534
MAD2L1	616	470	rpe1	RPE1	1	0.41910871863365173	1534
TADA2B	2	2	rpe1	RPE1	1	0.41910871863365173	1534
COPS3	93	9	rpe1	RPE1	1	0.41910871863365173	1534
TEFM	35	57	rpe1	RPE1	1	0.41910871863365173	1534
CNOT3	74	9	rpe1	RPE1	1	0.41910871863365173	1534
INTS14	355	223	rpe1	RPE1	1	0.41910871863365173	1534
SURF6	6	1	rpe1	RPE1	1	0.41910871863365173	1534
SP1	421	326	rpe1	RPE1	1	0.41910871863365173	1534
POLR2B	12	1	rpe1	RPE1	1	0.41910871863365173	1534
CUL7	5	2	rpe1	RPE1	1	0.41910871863365173	1534
TIMM22	210	454	rpe1	RPE1	1	0.41910871863365173	1534
GINS4	22	21	rpe1	RPE1	1	0.41910871863365173	1534
RPL21	14	18	rpe1	RPE1	1	0.41910871863365173	1534
EIF2S1	1	2	rpe1	RPE1	1	0.41910871863365173	1534
PIAS4	592	25	rpe1	RPE1	1	0.41910871863365173	1534
TTC4	617	443	rpe1	RPE1	1	0.41910871863365173	1534
GSK3B	229	202	rpe1	RPE1	1	0.41910871863365173	1534
ANKRD49	60	42	rpe1	RPE1	1	0.41910871863365173	1534
SNUPN	356	77	rpe1	RPE1	1	0.41910871863365173	1534
EEF1G	22	4	rpe1	RPE1	1	0.41910871863365173	1534
HSP90B1	445	398	rpe1	RPE1	1	0.41910871863365173	1534
RPS15	26	15	rpe1	RPE1	1	0.41910871863365173	1534
TCERG1	883	102	rpe1	RPE1	1	0.41910871863365173	1534
ILF2	121	5	rpe1	RPE1	1	0.41910871863365173	1534
PSMC3	14	15	rpe1	RPE1	1	0.41910871863365173	1534
ELP5	109	80	rpe1	RPE1	1	0.41910871863365173	1534
SNAPC5	4	22	rpe1	RPE1	1	0.41910871863365173	1534
ZNF143	858	241	rpe1	RPE1	1	0.41910871863365173	1534
NDUFAB1	823	414	rpe1	RPE1	1	0.41910871863365173	1534
FAF2	765	668	rpe1	RPE1	1	0.41910871863365173	1534
HERC1	54	24	rpe1	RPE1	1	0.41910871863365173	1534
PKM	899	787	rpe1	RPE1	1	0.41910871863365173	1534
TNRC6A	745	842	rpe1	RPE1	1	0.41910871863365173	1534
CSNK2B	1335	830	rpe1	RPE1	1	0.41910871863365173	1534
ZW10	773	672	rpe1	RPE1	1	0.41910871863365173	1534
YPEL5	1174	1074	rpe1	RPE1	1	0.41910871863365173	1534
TSEN2	46	24	rpe1	RPE1	1	0.41910871863365173	1534
SLU7	12	6	rpe1	RPE1	1	0.41910871863365173	1534
COMTD1	431	356	rpe1	RPE1	1	0.41910871863365173	1534
TBPL1	638	719	rpe1	RPE1	1	0.41910871863365173	1534
YJEFN3	154	26	rpe1	RPE1	1	0.41910871863365173	1534
MED18	47	55	rpe1	RPE1	1	0.41910871863365173	1534
MPHOSPH10	62	42	rpe1	RPE1	1	0.41910871863365173	1534
EFR3A	968	732	rpe1	RPE1	1	0.41910871863365173	1534
GRSF1	207	56	rpe1	RPE1	1	0.41910871863365173	1534
EXOC2	331	286	rpe1	RPE1	1	0.41910871863365173	1534
ZNHIT3	234	157	rpe1	RPE1	1	0.41910871863365173	1534
CDC5L	23	11	rpe1	RPE1	1	0.41910871863365173	1534
WDR77	1	15	rpe1	RPE1	1	0.41910871863365173	1534
ZWINT	56	93	rpe1	RPE1	1	0.41910871863365173	1534
EIF3D	138	5	rpe1	RPE1	1	0.41910871863365173	1534
BDP1	35	2	rpe1	RPE1	1	0.41910871863365173	1534
RRN3	148	120	rpe1	RPE1	1	0.41910871863365173	1534
CSTF3	451	139	rpe1	RPE1	1	0.41910871863365173	1534
CHERP	970	233	rpe1	RPE1	1	0.41910871863365173	1534
LSM3	26	36	rpe1	RPE1	1	0.41910871863365173	1534
PNKP	333	304	rpe1	RPE1	1	0.41910871863365173	1534
XRCC3	533	213	rpe1	RPE1	1	0.41910871863365173	1534
UBA52	1	1	rpe1	RPE1	1	0.41910871863365173	1534
WDR4	818	471	rpe1	RPE1	1	0.41910871863365173	1534
ORC3	517	675	rpe1	RPE1	1	0.41910871863365173	1534
TUBB	594	67	rpe1	RPE1	1	0.41910871863365173	1534
RNMT	16	27	rpe1	RPE1	1	0.41910871863365173	1534
RPL38	20	21	rpe1	RPE1	1	0.41910871863365173	1534
MCM5	34	46	rpe1	RPE1	1	0.41910871863365173	1534
ARPC2	236	229	rpe1	RPE1	1	0.41910871863365173	1534
CRCP	838	720	rpe1	RPE1	1	0.41910871863365173	1534
RPL15	112	75	rpe1	RPE1	1	0.41910871863365173	1534
NAA25	498	262	rpe1	RPE1	1	0.41910871863365173	1534
ACTR8	655	248	rpe1	RPE1	1	0.41910871863365173	1534
TUBD1	249	224	rpe1	RPE1	1	0.41910871863365173	1534
POLR3H	308	119	rpe1	RPE1	1	0.41910871863365173	1534
INO80D	488	262	rpe1	RPE1	1	0.41910871863365173	1534
PRPF39	344	220	rpe1	RPE1	1	0.41910871863365173	1534
DDX20	18	160	rpe1	RPE1	1	0.41910871863365173	1534
GNL3	316	100	rpe1	RPE1	1	0.41910871863365173	1534
WDR25	74	59	rpe1	RPE1	1	0.41910871863365173	1534
TRAPPC1	476	220	rpe1	RPE1	1	0.41910871863365173	1534
SLC35G2	157	84	rpe1	RPE1	1	0.41910871863365173	1534
SRRT	616	72	rpe1	RPE1	1	0.41910871863365173	1534
ELP2	275	334	rpe1	RPE1	1	0.41910871863365173	1534
KTI12	344	198	rpe1	RPE1	1	0.41910871863365173	1534
TEX10	121	22	rpe1	RPE1	1	0.41910871863365173	1534
UQCRQ	1033	894	rpe1	RPE1	1	0.41910871863365173	1534
NSA2	2	3	rpe1	RPE1	1	0.41910871863365173	1534
MIOS	156	47	rpe1	RPE1	1	0.41910871863365173	1534
NPM1	454	385	rpe1	RPE1	1	0.41910871863365173	1534
GYG1	635	435	rpe1	RPE1	1	0.41910871863365173	1534
YY1	72	294	rpe1	RPE1	1	0.41910871863365173	1534
PSMD8	49	36	rpe1	RPE1	1	0.41910871863365173	1534
PRELID1	31	25	rpe1	RPE1	1	0.41910871863365173	1534
WDR5	3	15	rpe1	RPE1	1	0.41910871863365173	1534
ZBTB44	1078	971	rpe1	RPE1	1	0.41910871863365173	1534
GET3	210	119	rpe1	RPE1	1	0.41910871863365173	1534
RAB4B	483	290	rpe1	RPE1	1	0.41910871863365173	1534
GTF2H4	2	10	rpe1	RPE1	1	0.41910871863365173	1534
DDX27	158	104	rpe1	RPE1	1	0.41910871863365173	1534
GLE1	517	155	rpe1	RPE1	1	0.41910871863365173	1534
LAMTOR4	307	224	rpe1	RPE1	1	0.41910871863365173	1534
DESI1	434	89	rpe1	RPE1	1	0.41910871863365173	1534
RRM2	863	646	rpe1	RPE1	1	0.41910871863365173	1534
C12orf60	36	106	rpe1	RPE1	1	0.41910871863365173	1534
RPS18	12	6	rpe1	RPE1	1	0.41910871863365173	1534
SMAGP	473	547	rpe1	RPE1	1	0.41910871863365173	1534
PHB2	55	44	rpe1	RPE1	1	0.41910871863365173	1534
RPP14	46	25	rpe1	RPE1	1	0.41910871863365173	1534
RNF40	14	3	rpe1	RPE1	1	0.41910871863365173	1534
INTS2	1215	525	rpe1	RPE1	1	0.41910871863365173	1534
UBE2N	503	454	rpe1	RPE1	1	0.41910871863365173	1534
NBAS	269	44	rpe1	RPE1	1	0.41910871863365173	1534
RPL13	12	22	rpe1	RPE1	1	0.41910871863365173	1534
UHRF1	33	60	rpe1	RPE1	1	0.41910871863365173	1534
MED29	27	3	rpe1	RPE1	1	0.41910871863365173	1534
MVD	786	23	rpe1	RPE1	1	0.41910871863365173	1534
PRPF8	52	28	rpe1	RPE1	1	0.41910871863365173	1534
HBS1L	33	27	rpe1	RPE1	1	0.41910871863365173	1534
U2SURP	85	45	rpe1	RPE1	1	0.41910871863365173	1534
RPS14	13	10	rpe1	RPE1	1	0.41910871863365173	1534
DYNLL2	430	304	rpe1	RPE1	1	0.41910871863365173	1534
HEXIM1	56	21	rpe1	RPE1	1	0.41910871863365173	1534
AHCTF1	73	15	rpe1	RPE1	1	0.41910871863365173	1534
TAF6	3	1	rpe1	RPE1	1	0.41910871863365173	1534
ZCRB1	51	137	rpe1	RPE1	1	0.41910871863365173	1534
H2AFZ	1359	1157	rpe1	RPE1	1	0.41910871863365173	1534
HTATSF1	300	250	rpe1	RPE1	1	0.41910871863365173	1534
CDAN1	739	751	rpe1	RPE1	1	0.41910871863365173	1534
TTC27	11	3	rpe1	RPE1	1	0.41910871863365173	1534
NLE1	48	35	rpe1	RPE1	1	0.41910871863365173	1534
BRK1	694	132	rpe1	RPE1	1	0.41910871863365173	1534
CHTF18	217	238	rpe1	RPE1	1	0.41910871863365173	1534
CDCA5	15	15	rpe1	RPE1	1	0.41910871863365173	1534
PITRM1	82	34	rpe1	RPE1	1	0.41910871863365173	1534
GTF3C3	1373	1103	rpe1	RPE1	1	0.41910871863365173	1534
POP5	48	31	rpe1	RPE1	1	0.41910871863365173	1534
WARS	141	163	rpe1	RPE1	1	0.41910871863365173	1534
FBRSL1	198	104	rpe1	RPE1	1	0.41910871863365173	1534
SP2	856	850	rpe1	RPE1	1	0.41910871863365173	1534
SMG5	9	3	rpe1	RPE1	1	0.41910871863365173	1534
RBBP5	1036	513	rpe1	RPE1	1	0.41910871863365173	1534
IMPA2	29	50	rpe1	RPE1	1	0.41910871863365173	1534
FTSJ3	21	20	rpe1	RPE1	1	0.41910871863365173	1534
GABPA	438	22	rpe1	RPE1	1	0.41910871863365173	1534
LRPPRC	2	2	rpe1	RPE1	1	0.41910871863365173	1534
PTBP1	99	211	rpe1	RPE1	1	0.41910871863365173	1534
WDR43	85	55	rpe1	RPE1	1	0.41910871863365173	1534
MBD3	424	325	rpe1	RPE1	1	0.41910871863365173	1534
UQCRFS1	602	405	rpe1	RPE1	1	0.41910871863365173	1534
RINT1	198	25	rpe1	RPE1	1	0.41910871863365173	1534
NDC1	542	128	rpe1	RPE1	1	0.41910871863365173	1534
NRDE2	153	13	rpe1	RPE1	1	0.41910871863365173	1534
SRP9	276	205	rpe1	RPE1	1	0.41910871863365173	1534
SMARCC1	185	595	rpe1	RPE1	1	0.41910871863365173	1534
DARS	17	16	rpe1	RPE1	1	0.41910871863365173	1534
BUB1	700	520	rpe1	RPE1	1	0.41910871863365173	1534
USP9X	528	472	rpe1	RPE1	1	0.41910871863365173	1534
PUM1	217	109	rpe1	RPE1	1	0.41910871863365173	1534
ALG1	192	125	rpe1	RPE1	1	0.41910871863365173	1534
TSPYL5	112	21	rpe1	RPE1	1	0.41910871863365173	1534
SRPRB	177	145	rpe1	RPE1	1	0.41910871863365173	1534
DCTN2	186	15	rpe1	RPE1	1	0.41910871863365173	1534
RBBP6	79	69	rpe1	RPE1	1	0.41910871863365173	1534
UBE3C	369	226	rpe1	RPE1	1	0.41910871863365173	1534
MBIP	25	200	rpe1	RPE1	1	0.41910871863365173	1534
E4F1	26	23	rpe1	RPE1	1	0.41910871863365173	1534
TCOF1	1265	1333	rpe1	RPE1	1	0.41910871863365173	1534
HPS5	96	89	rpe1	RPE1	1	0.41910871863365173	1534
KAT7	384	278	rpe1	RPE1	1	0.41910871863365173	1534
URI1	14	14	rpe1	RPE1	1	0.41910871863365173	1534
PRIM2	147	9	rpe1	RPE1	1	0.41910871863365173	1534
NFRKB	858	209	rpe1	RPE1	1	0.41910871863365173	1534
KCMF1	821	545	rpe1	RPE1	1	0.41910871863365173	1534
WDR61	33	3	rpe1	RPE1	1	0.41910871863365173	1534
CDC42	1272	1315	rpe1	RPE1	1	0.41910871863365173	1534
RPL36A	201	98	rpe1	RPE1	1	0.41910871863365173	1534
SLC39A9	613	324	rpe1	RPE1	1	0.41910871863365173	1534
WDFY3	414	91	rpe1	RPE1	1	0.41910871863365173	1534
CWF19L2	1096	985	rpe1	RPE1	1	0.41910871863365173	1534
RPL10A	9	8	rpe1	RPE1	1	0.41910871863365173	1534
ARMC7	66	36	rpe1	RPE1	1	0.41910871863365173	1534
PSMD12	9	8	rpe1	RPE1	1	0.41910871863365173	1534
RPAP3	38	52	rpe1	RPE1	1	0.41910871863365173	1534
ORC5	34	656	rpe1	RPE1	1	0.41910871863365173	1534
TRAPPC11	563	204	rpe1	RPE1	1	0.41910871863365173	1534
CCNQ	208	137	rpe1	RPE1	1	0.41910871863365173	1534
TAF8	2	3	rpe1	RPE1	1	0.41910871863365173	1534
SNRNP35	139	23	rpe1	RPE1	1	0.41910871863365173	1534
PAM16	20	3	rpe1	RPE1	1	0.41910871863365173	1534
CPNE1	1120	804	rpe1	RPE1	1	0.41910871863365173	1534
TUBGCP3	181	67	rpe1	RPE1	1	0.41910871863365173	1534
FUNDC2	10	22	rpe1	RPE1	1	0.41910871863365173	1534
SEC63	249	68	rpe1	RPE1	1	0.41910871863365173	1534
NCBP2	257	143	rpe1	RPE1	1	0.41910871863365173	1534
VCP	5	19	rpe1	RPE1	1	0.41910871863365173	1534
CHAF1B	28	3	rpe1	RPE1	1	0.41910871863365173	1534
PFDN2	16	9	rpe1	RPE1	1	0.41910871863365173	1534
POLR3F	159	30	rpe1	RPE1	1	0.41910871863365173	1534
BORA	83	105	rpe1	RPE1	1	0.41910871863365173	1534
TIMM13	22	97	rpe1	RPE1	1	0.41910871863365173	1534
CHAF1A	9	8	rpe1	RPE1	1	0.41910871863365173	1534
COPS8	143	36	rpe1	RPE1	1	0.41910871863365173	1534
INTS6	624	248	rpe1	RPE1	1	0.41910871863365173	1534
TTF2	35	4	rpe1	RPE1	1	0.41910871863365173	1534
NOMO1	752	475	rpe1	RPE1	1	0.41910871863365173	1534
UTP20	41	19	rpe1	RPE1	1	0.41910871863365173	1534
DYNLL1	17	30	rpe1	RPE1	1	0.41910871863365173	1534
SERPINB1	305	112	rpe1	RPE1	1	0.41910871863365173	1534
SETDB1	931	1194	rpe1	RPE1	1	0.41910871863365173	1534
TOMM22	2	13	rpe1	RPE1	1	0.41910871863365173	1534
BCAS2	8	5	rpe1	RPE1	1	0.41910871863365173	1534
SMC6	262	214	rpe1	RPE1	1	0.41910871863365173	1534
RPL4	19	20	rpe1	RPE1	1	0.41910871863365173	1534
THOC5	587	325	rpe1	RPE1	1	0.41910871863365173	1534
TOP1	624	566	rpe1	RPE1	1	0.41910871863365173	1534
NOP14	11	12	rpe1	RPE1	1	0.41910871863365173	1534
WDR1	321	277	rpe1	RPE1	1	0.41910871863365173	1534
EXOSC3	188	5	rpe1	RPE1	1	0.41910871863365173	1534
RPL13A	41	28	rpe1	RPE1	1	0.41910871863365173	1534
CCT2	891	29	rpe1	RPE1	1	0.41910871863365173	1534
NELFA	1002	260	rpe1	RPE1	1	0.41910871863365173	1534
PLK1	653	702	rpe1	RPE1	1	0.41910871863365173	1534
RPS27	1317	1249	rpe1	RPE1	1	0.41910871863365173	1534
UBL5	15	10	rpe1	RPE1	1	0.41910871863365173	1534
MRPS33	687	572	rpe1	RPE1	1	0.41910871863365173	1534
THOC1	57	77	rpe1	RPE1	1	0.41910871863365173	1534
UTP23	8	11	rpe1	RPE1	1	0.41910871863365173	1534
CDK12	226	350	rpe1	RPE1	1	0.41910871863365173	1534
SHOC2	1090	771	rpe1	RPE1	1	0.41910871863365173	1534
ESYT2	131	108	rpe1	RPE1	1	0.41910871863365173	1534
DUT	121	891	rpe1	RPE1	1	0.41910871863365173	1534
PPIH	424	350	rpe1	RPE1	1	0.41910871863365173	1534
TBCB	8	5	rpe1	RPE1	1	0.41910871863365173	1534
PTPN23	68	230	rpe1	RPE1	1	0.41910871863365173	1534
HMX3	347	333	rpe1	RPE1	1	0.41910871863365173	1534
TUBGCP6	964	398	rpe1	RPE1	1	0.41910871863365173	1534
EIF2S2	29	24	rpe1	RPE1	1	0.41910871863365173	1534
SH3KBP1	640	32	rpe1	RPE1	1	0.41910871863365173	1534
TRAIP	43	60	rpe1	RPE1	1	0.41910871863365173	1534
MCM4	726	1118	rpe1	RPE1	1	0.41910871863365173	1534
CCNL1	254	223	rpe1	RPE1	1	0.41910871863365173	1534
ALG13	640	495	rpe1	RPE1	1	0.41910871863365173	1534
RPL27A	5	4	rpe1	RPE1	1	0.41910871863365173	1534
INTS4	21	9	rpe1	RPE1	1	0.41910871863365173	1534
SLC35B1	106	91	rpe1	RPE1	1	0.41910871863365173	1534
ERH	80	67	rpe1	RPE1	1	0.41910871863365173	1534
HNRNPC	549	897	rpe1	RPE1	1	0.41910871863365173	1534
CDIPT	925	685	rpe1	RPE1	1	0.41910871863365173	1534
CNOT10	1130	833	rpe1	RPE1	1	0.41910871863365173	1534
LDB1	381	181	rpe1	RPE1	1	0.41910871863365173	1534
ZNRD1	107	47	rpe1	RPE1	1	0.41910871863365173	1534
OGT	16	15	rpe1	RPE1	1	0.41910871863365173	1534
NCAPH2	194	81	rpe1	RPE1	1	0.41910871863365173	1534
COX15	156	238	rpe1	RPE1	1	0.41910871863365173	1534
AURKA	578	636	rpe1	RPE1	1	0.41910871863365173	1534
MAU2	787	6	rpe1	RPE1	1	0.41910871863365173	1534
SUPT16H	2	2	rpe1	RPE1	1	0.41910871863365173	1534
PPP4C	702	701	rpe1	RPE1	1	0.41910871863365173	1534
PPP1R15B	87	280	rpe1	RPE1	1	0.41910871863365173	1534
SDE2	89	105	rpe1	RPE1	1	0.41910871863365173	1534
AGBL5	281	279	rpe1	RPE1	1	0.41910871863365173	1534
RPS3A	19	13	rpe1	RPE1	1	0.41910871863365173	1534
RPS3	11	12	rpe1	RPE1	1	0.41910871863365173	1534
CDC45	324	107	rpe1	RPE1	1	0.41910871863365173	1534
CDC26	532	628	rpe1	RPE1	1	0.41910871863365173	1534
NUP62	139	8	rpe1	RPE1	1	0.41910871863365173	1534
KAT8	655	15	rpe1	RPE1	1	0.41910871863365173	1534
COPS4	17	1	rpe1	RPE1	1	0.41910871863365173	1534
MED11	8	3	rpe1	RPE1	1	0.41910871863365173	1534
FKBP9	547	401	rpe1	RPE1	1	0.41910871863365173	1534
SAMM50	4	29	rpe1	RPE1	1	0.41910871863365173	1534
CTR9	1091	81	rpe1	RPE1	1	0.41910871863365173	1534
SLBP	314	36	rpe1	RPE1	1	0.41910871863365173	1534
SF3B2	7	7	rpe1	RPE1	1	0.41910871863365173	1534
POLE	30	14	rpe1	RPE1	1	0.41910871863365173	1534
RPP30	14	5	jurkat	Jurkat	1	0.4896809160709381	2372
NDUFAB1	1587	988	jurkat	Jurkat	1	0.4896809160709381	2372
ELP3	990	10	jurkat	Jurkat	1	0.4896809160709381	2372
SRA1	907	159	jurkat	Jurkat	1	0.4896809160709381	2372
SPCS2	1117	23	jurkat	Jurkat	1	0.4896809160709381	2372
RRP7A	69	14	jurkat	Jurkat	1	0.4896809160709381	2372
POLR2I	1	7	jurkat	Jurkat	1	0.4896809160709381	2372
METTL3	2	3	jurkat	Jurkat	1	0.4896809160709381	2372
CSH2	1751	1112	jurkat	Jurkat	1	0.4896809160709381	2372
CNOT2	4	5	jurkat	Jurkat	1	0.4896809160709381	2372
KIAA1143	1084	388	jurkat	Jurkat	1	0.4896809160709381	2372
ZNF506	1023	10	jurkat	Jurkat	1	0.4896809160709381	2372
RPS11	17	19	jurkat	Jurkat	1	0.4896809160709381	2372
INTS8	2063	1533	jurkat	Jurkat	1	0.4896809160709381	2372
TOP1	952	716	jurkat	Jurkat	1	0.4896809160709381	2372
PELO	774	863	jurkat	Jurkat	1	0.4896809160709381	2372
F8A1	503	198	jurkat	Jurkat	1	0.4896809160709381	2372
SEH1L	13	10	jurkat	Jurkat	1	0.4896809160709381	2372
RHOQ	918	16	jurkat	Jurkat	1	0.4896809160709381	2372
RPL38	34	29	jurkat	Jurkat	1	0.4896809160709381	2372
CBLN1	726	389	jurkat	Jurkat	1	0.4896809160709381	2372
ZNF763	461	200	jurkat	Jurkat	1	0.4896809160709381	2372
BAG6	327	907	jurkat	Jurkat	1	0.4896809160709381	2372
KRT8	1509	1065	jurkat	Jurkat	1	0.4896809160709381	2372
PFDN5	1264	773	jurkat	Jurkat	1	0.4896809160709381	2372
USP10	1656	1307	jurkat	Jurkat	1	0.4896809160709381	2372
MRPL35	28	21	jurkat	Jurkat	1	0.4896809160709381	2372
PTCD3	1358	414	jurkat	Jurkat	1	0.4896809160709381	2372
BOP1	62	47	jurkat	Jurkat	1	0.4896809160709381	2372
RPS15A	34	14	jurkat	Jurkat	1	0.4896809160709381	2372
SRPRB	796	831	jurkat	Jurkat	1	0.4896809160709381	2372
TTC4	565	767	jurkat	Jurkat	1	0.4896809160709381	2372
ZNF559	3	36	jurkat	Jurkat	1	0.4896809160709381	2372
MRPS21	1225	6	jurkat	Jurkat	1	0.4896809160709381	2372
CDIPT	100	153	jurkat	Jurkat	1	0.4896809160709381	2372
OR2T29	2071	1864	jurkat	Jurkat	1	0.4896809160709381	2372
PPP6C	117	5	jurkat	Jurkat	1	0.4896809160709381	2372
HNRNPM	1581	2103	jurkat	Jurkat	1	0.4896809160709381	2372
DYNC1I2	452	346	jurkat	Jurkat	1	0.4896809160709381	2372
SACM1L	1084	380	jurkat	Jurkat	1	0.4896809160709381	2372
TWF1	1335	559	jurkat	Jurkat	1	0.4896809160709381	2372
PGS1	2275	1398	jurkat	Jurkat	1	0.4896809160709381	2372
BRK1	1061	1192	jurkat	Jurkat	1	0.4896809160709381	2372
TUBA3D	160	1011	jurkat	Jurkat	1	0.4896809160709381	2372
RPS27A	22	14	jurkat	Jurkat	1	0.4896809160709381	2372
TSFM	66	37	jurkat	Jurkat	1	0.4896809160709381	2372
LAMTOR1	2027	336	jurkat	Jurkat	1	0.4896809160709381	2372
EEF2	12	787	jurkat	Jurkat	1	0.4896809160709381	2372
LST1	1022	530	jurkat	Jurkat	1	0.4896809160709381	2372
SHQ1	543	188	jurkat	Jurkat	1	0.4896809160709381	2372
STRAP	74	241	jurkat	Jurkat	1	0.4896809160709381	2372
BCAR1	1911	1088	jurkat	Jurkat	1	0.4896809160709381	2372
DHX9	156	106	jurkat	Jurkat	1	0.4896809160709381	2372
SMG8	608	534	jurkat	Jurkat	1	0.4896809160709381	2372
NPM3	1594	650	jurkat	Jurkat	1	0.4896809160709381	2372
MICOS10	612	252	jurkat	Jurkat	1	0.4896809160709381	2372
IK	381	390	jurkat	Jurkat	1	0.4896809160709381	2372
WDTC1	148	958	jurkat	Jurkat	1	0.4896809160709381	2372
ANAPC15	736	354	jurkat	Jurkat	1	0.4896809160709381	2372
EDC4	18	52	jurkat	Jurkat	1	0.4896809160709381	2372
POLR3K	152	641	jurkat	Jurkat	1	0.4896809160709381	2372
PHF10	312	36	jurkat	Jurkat	1	0.4896809160709381	2372
RAD51D	1602	729	jurkat	Jurkat	1	0.4896809160709381	2372
SNAPC1	1484	611	jurkat	Jurkat	1	0.4896809160709381	2372
PDCD11	86	39	jurkat	Jurkat	1	0.4896809160709381	2372
ADAM10	369	1105	jurkat	Jurkat	1	0.4896809160709381	2372
PALB2	2277	2200	jurkat	Jurkat	1	0.4896809160709381	2372
MRPL14	11	14	jurkat	Jurkat	1	0.4896809160709381	2372
XPO5	162	239	jurkat	Jurkat	1	0.4896809160709381	2372
ATR	1987	1736	jurkat	Jurkat	1	0.4896809160709381	2372
CCND1	766	157	jurkat	Jurkat	1	0.4896809160709381	2372
PKM	463	26	jurkat	Jurkat	1	0.4896809160709381	2372
PRPF38A	472	977	jurkat	Jurkat	1	0.4896809160709381	2372
CDC16	240	100	jurkat	Jurkat	1	0.4896809160709381	2372
ZNF706	1565	1182	jurkat	Jurkat	1	0.4896809160709381	2372
RPL18	52	11	jurkat	Jurkat	1	0.4896809160709381	2372
RPS3A	8	10	jurkat	Jurkat	1	0.4896809160709381	2372
RCCD1	637	666	jurkat	Jurkat	1	0.4896809160709381	2372
CYCS	525	46	jurkat	Jurkat	1	0.4896809160709381	2372
STXBP4	1526	1391	jurkat	Jurkat	1	0.4896809160709381	2372
HOXA3	603	318	jurkat	Jurkat	1	0.4896809160709381	2372
JMJD6	777	227	jurkat	Jurkat	1	0.4896809160709381	2372
SIGLEC14	1707	1738	jurkat	Jurkat	1	0.4896809160709381	2372
GNL2	22	22	jurkat	Jurkat	1	0.4896809160709381	2372
ARGFX	232	127	jurkat	Jurkat	1	0.4896809160709381	2372
GET3	242	552	jurkat	Jurkat	1	0.4896809160709381	2372
MANF	1093	836	jurkat	Jurkat	1	0.4896809160709381	2372
CIAPIN1	606	143	jurkat	Jurkat	1	0.4896809160709381	2372
SDHAF2	224	244	jurkat	Jurkat	1	0.4896809160709381	2372
ELOVL1	1607	1026	jurkat	Jurkat	1	0.4896809160709381	2372
NUMA1	176	95	jurkat	Jurkat	1	0.4896809160709381	2372
TAF1C	217	16	jurkat	Jurkat	1	0.4896809160709381	2372
HMGN2	243	572	jurkat	Jurkat	1	0.4896809160709381	2372
GTPBP4	13	66	jurkat	Jurkat	1	0.4896809160709381	2372
MRPL39	17	13	jurkat	Jurkat	1	0.4896809160709381	2372
RRP15	390	104	jurkat	Jurkat	1	0.4896809160709381	2372
FBXO42	883	260	jurkat	Jurkat	1	0.4896809160709381	2372
BTF3	2117	2080	jurkat	Jurkat	1	0.4896809160709381	2372
RIOK1	16	59	jurkat	Jurkat	1	0.4896809160709381	2372
SMG5	459	44	jurkat	Jurkat	1	0.4896809160709381	2372
TERF2	355	246	jurkat	Jurkat	1	0.4896809160709381	2372
GTF2H1	67	69	jurkat	Jurkat	1	0.4896809160709381	2372
SLC1A5	834	228	jurkat	Jurkat	1	0.4896809160709381	2372
ARFRP1	1411	224	jurkat	Jurkat	1	0.4896809160709381	2372
LAMTOR3	1706	1456	jurkat	Jurkat	1	0.4896809160709381	2372
ATP5MD	875	1060	jurkat	Jurkat	1	0.4896809160709381	2372
SAMM50	64	14	jurkat	Jurkat	1	0.4896809160709381	2372
SUPT20H	456	3	jurkat	Jurkat	1	0.4896809160709381	2372
MIS18BP1	492	31	jurkat	Jurkat	1	0.4896809160709381	2372
DCTN6	149	208	jurkat	Jurkat	1	0.4896809160709381	2372
CENPT	960	864	jurkat	Jurkat	1	0.4896809160709381	2372
PUF60	365	470	jurkat	Jurkat	1	0.4896809160709381	2372
ERCC2	77	4	jurkat	Jurkat	1	0.4896809160709381	2372
ELP5	195	77	jurkat	Jurkat	1	0.4896809160709381	2372
WDR18	571	199	jurkat	Jurkat	1	0.4896809160709381	2372
INTS1	1955	1006	jurkat	Jurkat	1	0.4896809160709381	2372
MRM1	1388	510	jurkat	Jurkat	1	0.4896809160709381	2372
FASTKD5	1258	782	jurkat	Jurkat	1	0.4896809160709381	2372
FYN	385	455	jurkat	Jurkat	1	0.4896809160709381	2372
PRPF40A	1813	1662	jurkat	Jurkat	1	0.4896809160709381	2372
CCT4	1317	589	jurkat	Jurkat	1	0.4896809160709381	2372
TMED10	8	12	jurkat	Jurkat	1	0.4896809160709381	2372
SNRNP48	529	37	jurkat	Jurkat	1	0.4896809160709381	2372
VPS54	1671	1515	jurkat	Jurkat	1	0.4896809160709381	2372
PPP1CA	33	62	jurkat	Jurkat	1	0.4896809160709381	2372
EWSR1	1635	699	jurkat	Jurkat	1	0.4896809160709381	2372
RAD9A	215	46	jurkat	Jurkat	1	0.4896809160709381	2372
LTBP3	1406	1248	jurkat	Jurkat	1	0.4896809160709381	2372
ALG1	1288	857	jurkat	Jurkat	1	0.4896809160709381	2372
MTG2	520	308	jurkat	Jurkat	1	0.4896809160709381	2372
TXN	25	13	jurkat	Jurkat	1	0.4896809160709381	2372
FAM133B	745	402	jurkat	Jurkat	1	0.4896809160709381	2372
THOC7	331	10	jurkat	Jurkat	1	0.4896809160709381	2372
BCLAF1	56	1075	jurkat	Jurkat	1	0.4896809160709381	2372
KIF20A	464	630	jurkat	Jurkat	1	0.4896809160709381	2372
USP36	87	86	jurkat	Jurkat	1	0.4896809160709381	2372
PRKRIP1	1973	977	jurkat	Jurkat	1	0.4896809160709381	2372
HIST2H3D	2116	1761	jurkat	Jurkat	1	0.4896809160709381	2372
NRF1	469	1141	jurkat	Jurkat	1	0.4896809160709381	2372
POLR1D	873	2	jurkat	Jurkat	1	0.4896809160709381	2372
LAS1L	70	9	jurkat	Jurkat	1	0.4896809160709381	2372
RBM12	1383	1115	jurkat	Jurkat	1	0.4896809160709381	2372
GNPNAT1	2214	1540	jurkat	Jurkat	1	0.4896809160709381	2372
ZNF253	852	219	jurkat	Jurkat	1	0.4896809160709381	2372
LRRC37A3	1555	436	jurkat	Jurkat	1	0.4896809160709381	2372
INTS6	1649	554	jurkat	Jurkat	1	0.4896809160709381	2372
RBBP5	641	357	jurkat	Jurkat	1	0.4896809160709381	2372
RTCB	1489	889	jurkat	Jurkat	1	0.4896809160709381	2372
TRNP1	2190	947	jurkat	Jurkat	1	0.4896809160709381	2372
RPL7	3	14	jurkat	Jurkat	1	0.4896809160709381	2372
RPS29	694	39	jurkat	Jurkat	1	0.4896809160709381	2372
MAU2	525	288	jurkat	Jurkat	1	0.4896809160709381	2372
UTP6	88	70	jurkat	Jurkat	1	0.4896809160709381	2372
TPRKB	632	1212	jurkat	Jurkat	1	0.4896809160709381	2372
NOL8	446	9	jurkat	Jurkat	1	0.4896809160709381	2372
RPL14	46	15	jurkat	Jurkat	1	0.4896809160709381	2372
DSTYK	6	2	jurkat	Jurkat	1	0.4896809160709381	2372
KAT7	905	302	jurkat	Jurkat	1	0.4896809160709381	2372
ATP1A1	1045	1034	jurkat	Jurkat	1	0.4896809160709381	2372
DDX27	2	8	jurkat	Jurkat	1	0.4896809160709381	2372
HOXC10	1664	1279	jurkat	Jurkat	1	0.4896809160709381	2372
COPG1	1847	1809	jurkat	Jurkat	1	0.4896809160709381	2372
SURF6	44	6	jurkat	Jurkat	1	0.4896809160709381	2372
RARS	394	32	jurkat	Jurkat	1	0.4896809160709381	2372
INTS14	766	142	jurkat	Jurkat	1	0.4896809160709381	2372
RPRD1B	1881	1840	jurkat	Jurkat	1	0.4896809160709381	2372
SKA1	391	204	jurkat	Jurkat	1	0.4896809160709381	2372
DNAJC8	2175	1576	jurkat	Jurkat	1	0.4896809160709381	2372
TMX2	92	7	jurkat	Jurkat	1	0.4896809160709381	2372
RAB4A	31	52	jurkat	Jurkat	1	0.4896809160709381	2372
PAF1	29	5	jurkat	Jurkat	1	0.4896809160709381	2372
KCNA10	587	674	jurkat	Jurkat	1	0.4896809160709381	2372
FBRSL1	482	133	jurkat	Jurkat	1	0.4896809160709381	2372
PRPF18	1127	575	jurkat	Jurkat	1	0.4896809160709381	2372
MZF1	2017	1358	jurkat	Jurkat	1	0.4896809160709381	2372
SDHD	581	1315	jurkat	Jurkat	1	0.4896809160709381	2372
MAK16	379	10	jurkat	Jurkat	1	0.4896809160709381	2372
LSM3	47	77	jurkat	Jurkat	1	0.4896809160709381	2372
PSMD9	1348	99	jurkat	Jurkat	1	0.4896809160709381	2372
KTI12	345	439	jurkat	Jurkat	1	0.4896809160709381	2372
HSP90B1	1882	2135	jurkat	Jurkat	1	0.4896809160709381	2372
CTDP1	110	102	jurkat	Jurkat	1	0.4896809160709381	2372
RPL36	3	1	jurkat	Jurkat	1	0.4896809160709381	2372
PPP2CA	1763	1700	jurkat	Jurkat	1	0.4896809160709381	2372
CT45A5	1934	2006	jurkat	Jurkat	1	0.4896809160709381	2372
GFER	327	429	jurkat	Jurkat	1	0.4896809160709381	2372
KEAP1	1	1	jurkat	Jurkat	1	0.4896809160709381	2372
CPNE1	769	1122	jurkat	Jurkat	1	0.4896809160709381	2372
SEC61G	1225	629	jurkat	Jurkat	1	0.4896809160709381	2372
N6AMT1	1045	1194	jurkat	Jurkat	1	0.4896809160709381	2372
TFDP1	80	116	jurkat	Jurkat	1	0.4896809160709381	2372
COG3	388	801	jurkat	Jurkat	1	0.4896809160709381	2372
BPTF	1721	1729	jurkat	Jurkat	1	0.4896809160709381	2372
CNOT11	799	927	jurkat	Jurkat	1	0.4896809160709381	2372
USP19	1924	1938	jurkat	Jurkat	1	0.4896809160709381	2372
AP2A1	579	281	jurkat	Jurkat	1	0.4896809160709381	2372
SNIP1	555	72	jurkat	Jurkat	1	0.4896809160709381	2372
USP9X	1700	1758	jurkat	Jurkat	1	0.4896809160709381	2372
USP7	2150	2231	jurkat	Jurkat	1	0.4896809160709381	2372
RNF31	543	445	jurkat	Jurkat	1	0.4896809160709381	2372
SNRNP25	182	129	jurkat	Jurkat	1	0.4896809160709381	2372
NHP2	1346	18	jurkat	Jurkat	1	0.4896809160709381	2372
DTL	609	612	jurkat	Jurkat	1	0.4896809160709381	2372
RPS4X	58	56	jurkat	Jurkat	1	0.4896809160709381	2372
SNF8	1278	377	jurkat	Jurkat	1	0.4896809160709381	2372
NUP43	53	45	jurkat	Jurkat	1	0.4896809160709381	2372
NELFA	68	6	jurkat	Jurkat	1	0.4896809160709381	2372
CDT1	609	928	jurkat	Jurkat	1	0.4896809160709381	2372
MOG	330	246	jurkat	Jurkat	1	0.4896809160709381	2372
VPS33A	1021	1675	jurkat	Jurkat	1	0.4896809160709381	2372
CEP85	1405	646	jurkat	Jurkat	1	0.4896809160709381	2372
SF3B2	139	110	jurkat	Jurkat	1	0.4896809160709381	2372
MED14	11	4	jurkat	Jurkat	1	0.4896809160709381	2372
NLE1	575	42	jurkat	Jurkat	1	0.4896809160709381	2372
UTP20	1	25	jurkat	Jurkat	1	0.4896809160709381	2372
HMGCS1	1505	175	jurkat	Jurkat	1	0.4896809160709381	2372
SLC25A10	1701	1520	jurkat	Jurkat	1	0.4896809160709381	2372
TBC1D28	1286	673	jurkat	Jurkat	1	0.4896809160709381	2372
PRKCA	324	140	jurkat	Jurkat	1	0.4896809160709381	2372
DDX19A	1591	1673	jurkat	Jurkat	1	0.4896809160709381	2372
TIMELESS	708	798	jurkat	Jurkat	1	0.4896809160709381	2372
PPA2	910	831	jurkat	Jurkat	1	0.4896809160709381	2372
YARS2	703	453	jurkat	Jurkat	1	0.4896809160709381	2372
RELL2	96	53	jurkat	Jurkat	1	0.4896809160709381	2372
SRP72	885	49	jurkat	Jurkat	1	0.4896809160709381	2372
PNISR	1569	670	jurkat	Jurkat	1	0.4896809160709381	2372
NCKAP1	175	51	jurkat	Jurkat	1	0.4896809160709381	2372
SNW1	61	22	jurkat	Jurkat	1	0.4896809160709381	2372
BRCA2	2012	1831	jurkat	Jurkat	1	0.4896809160709381	2372
GTF3C6	136	24	jurkat	Jurkat	1	0.4896809160709381	2372
VPS29	433	125	jurkat	Jurkat	1	0.4896809160709381	2372
TRRAP	950	89	jurkat	Jurkat	1	0.4896809160709381	2372
POLR2K	242	4	jurkat	Jurkat	1	0.4896809160709381	2372
ATP6V1E1	148	11	jurkat	Jurkat	1	0.4896809160709381	2372
SPRTN	1790	1833	jurkat	Jurkat	1	0.4896809160709381	2372
HARS2	1872	1354	jurkat	Jurkat	1	0.4896809160709381	2372
EIF3J	1332	452	jurkat	Jurkat	1	0.4896809160709381	2372
ZCCHC9	53	51	jurkat	Jurkat	1	0.4896809160709381	2372
HIST1H2AI	356	891	jurkat	Jurkat	1	0.4896809160709381	2372
ZNF100	797	49	jurkat	Jurkat	1	0.4896809160709381	2372
NCAPG2	168	109	jurkat	Jurkat	1	0.4896809160709381	2372
PSMC3	356	276	jurkat	Jurkat	1	0.4896809160709381	2372
INO80E	1730	1196	jurkat	Jurkat	1	0.4896809160709381	2372
CNN2	924	237	jurkat	Jurkat	1	0.4896809160709381	2372
SMG6	14	2	jurkat	Jurkat	1	0.4896809160709381	2372
TPT1	1847	549	jurkat	Jurkat	1	0.4896809160709381	2372
DYNLL1	108	44	jurkat	Jurkat	1	0.4896809160709381	2372
WDR70	510	29	jurkat	Jurkat	1	0.4896809160709381	2372
CPSF4	85	9	jurkat	Jurkat	1	0.4896809160709381	2372
DRG1	681	1089	jurkat	Jurkat	1	0.4896809160709381	2372
DDOST	1956	1829	jurkat	Jurkat	1	0.4896809160709381	2372
DDX41	74	25	jurkat	Jurkat	1	0.4896809160709381	2372
VARS	14	7	jurkat	Jurkat	1	0.4896809160709381	2372
PDCD6IP	1380	1364	jurkat	Jurkat	1	0.4896809160709381	2372
CSNK2B	619	253	jurkat	Jurkat	1	0.4896809160709381	2372
COX11	829	74	jurkat	Jurkat	1	0.4896809160709381	2372
RPL27A	20	31	jurkat	Jurkat	1	0.4896809160709381	2372
RPL24	645	5	jurkat	Jurkat	1	0.4896809160709381	2372
MRPS35	19	14	jurkat	Jurkat	1	0.4896809160709381	2372
CFDP1	836	802	jurkat	Jurkat	1	0.4896809160709381	2372
LPIN1	123	142	jurkat	Jurkat	1	0.4896809160709381	2372
CDC7	423	241	jurkat	Jurkat	1	0.4896809160709381	2372
HERC1	938	102	jurkat	Jurkat	1	0.4896809160709381	2372
FARS2	267	273	jurkat	Jurkat	1	0.4896809160709381	2372
ORC5	33	218	jurkat	Jurkat	1	0.4896809160709381	2372
PSMD4	2300	2276	jurkat	Jurkat	1	0.4896809160709381	2372
TRMT6	1612	1183	jurkat	Jurkat	1	0.4896809160709381	2372
BRIP1	1981	1727	jurkat	Jurkat	1	0.4896809160709381	2372
RPIA	187	276	jurkat	Jurkat	1	0.4896809160709381	2372
UFL1	13	3	jurkat	Jurkat	1	0.4896809160709381	2372
NUP88	6	1	jurkat	Jurkat	1	0.4896809160709381	2372
SUMO2	30	631	jurkat	Jurkat	1	0.4896809160709381	2372
DMAP1	36	23	jurkat	Jurkat	1	0.4896809160709381	2372
EXOSC10	79	176	jurkat	Jurkat	1	0.4896809160709381	2372
NPEPPS	1840	2099	jurkat	Jurkat	1	0.4896809160709381	2372
NASP	2280	2069	jurkat	Jurkat	1	0.4896809160709381	2372
SEC16A	1665	1107	jurkat	Jurkat	1	0.4896809160709381	2372
KDM2A	765	583	jurkat	Jurkat	1	0.4896809160709381	2372
COPS5	160	4	jurkat	Jurkat	1	0.4896809160709381	2372
PARN	677	203	jurkat	Jurkat	1	0.4896809160709381	2372
COX7B	1536	494	jurkat	Jurkat	1	0.4896809160709381	2372
ATIC	466	414	jurkat	Jurkat	1	0.4896809160709381	2372
DHODH	829	371	jurkat	Jurkat	1	0.4896809160709381	2372
CDC45	649	423	jurkat	Jurkat	1	0.4896809160709381	2372
UBE2H	2012	1096	jurkat	Jurkat	1	0.4896809160709381	2372
POLR3D	573	3	jurkat	Jurkat	1	0.4896809160709381	2372
ESYT2	273	154	jurkat	Jurkat	1	0.4896809160709381	2372
MRPS16	35	16	jurkat	Jurkat	1	0.4896809160709381	2372
ZNHIT2	1140	150	jurkat	Jurkat	1	0.4896809160709381	2372
POLD3	110	7	jurkat	Jurkat	1	0.4896809160709381	2372
INTS2	86	194	jurkat	Jurkat	1	0.4896809160709381	2372
EHMT2	1789	1717	jurkat	Jurkat	1	0.4896809160709381	2372
ZC3H3	1907	237	jurkat	Jurkat	1	0.4896809160709381	2372
C17orf58	367	1416	jurkat	Jurkat	1	0.4896809160709381	2372
CNOT9	30	121	jurkat	Jurkat	1	0.4896809160709381	2372
RPL37A	32	27	jurkat	Jurkat	1	0.4896809160709381	2372
C1orf131	443	99	jurkat	Jurkat	1	0.4896809160709381	2372
ORC1	394	436	jurkat	Jurkat	1	0.4896809160709381	2372
ARIH1	1573	727	jurkat	Jurkat	1	0.4896809160709381	2372
GABPB1	1475	4	jurkat	Jurkat	1	0.4896809160709381	2372
PPRC1	1	2	jurkat	Jurkat	1	0.4896809160709381	2372
SRBD1	173	41	jurkat	Jurkat	1	0.4896809160709381	2372
NCAPG	117	11	jurkat	Jurkat	1	0.4896809160709381	2372
VARS2	126	110	jurkat	Jurkat	1	0.4896809160709381	2372
RAC1	94	171	jurkat	Jurkat	1	0.4896809160709381	2372
WDR3	18	28	jurkat	Jurkat	1	0.4896809160709381	2372
TSEN34	1958	2059	jurkat	Jurkat	1	0.4896809160709381	2372
CPNE7	881	1064	jurkat	Jurkat	1	0.4896809160709381	2372
PRORP	81	15	jurkat	Jurkat	1	0.4896809160709381	2372
MRPL28	27	59	jurkat	Jurkat	1	0.4896809160709381	2372
SUDS3	407	1240	jurkat	Jurkat	1	0.4896809160709381	2372
STAT5B	794	679	jurkat	Jurkat	1	0.4896809160709381	2372
CACTIN	238	6	jurkat	Jurkat	1	0.4896809160709381	2372
MPHOSPH10	23	26	jurkat	Jurkat	1	0.4896809160709381	2372
ZNF687	1129	133	jurkat	Jurkat	1	0.4896809160709381	2372
MRPL38	307	75	jurkat	Jurkat	1	0.4896809160709381	2372
POLR1B	263	5	jurkat	Jurkat	1	0.4896809160709381	2372
EXOSC7	22	18	jurkat	Jurkat	1	0.4896809160709381	2372
SYNGR3	1414	1504	jurkat	Jurkat	1	0.4896809160709381	2372
CCT7	716	253	jurkat	Jurkat	1	0.4896809160709381	2372
PPWD1	194	152	jurkat	Jurkat	1	0.4896809160709381	2372
PTCD1	1971	1898	jurkat	Jurkat	1	0.4896809160709381	2372
ARPC4	246	8	jurkat	Jurkat	1	0.4896809160709381	2372
PPY	1276	815	jurkat	Jurkat	1	0.4896809160709381	2372
CDK9	35	238	jurkat	Jurkat	1	0.4896809160709381	2372
HNRNPU	1240	677	jurkat	Jurkat	1	0.4896809160709381	2372
NAGLU	1753	1045	jurkat	Jurkat	1	0.4896809160709381	2372
ABCB10	185	40	jurkat	Jurkat	1	0.4896809160709381	2372
MRPS26	5	9	jurkat	Jurkat	1	0.4896809160709381	2372
NDUFA8	335	24	jurkat	Jurkat	1	0.4896809160709381	2372
MBIP	574	52	jurkat	Jurkat	1	0.4896809160709381	2372
ZNF674	1534	746	jurkat	Jurkat	1	0.4896809160709381	2372
CTCF	308	238	jurkat	Jurkat	1	0.4896809160709381	2372
FNTA	813	445	jurkat	Jurkat	1	0.4896809160709381	2372
TRAPPC3	2372	2368	jurkat	Jurkat	1	0.4896809160709381	2372
SMC4	236	33	jurkat	Jurkat	1	0.4896809160709381	2372
EIF2S1	36	16	jurkat	Jurkat	1	0.4896809160709381	2372
WDR7	1402	742	jurkat	Jurkat	1	0.4896809160709381	2372
MRPS17	53	12	jurkat	Jurkat	1	0.4896809160709381	2372
AURKAIP1	485	379	jurkat	Jurkat	1	0.4896809160709381	2372
ACTR3	1618	1735	jurkat	Jurkat	1	0.4896809160709381	2372
ETV4	453	179	jurkat	Jurkat	1	0.4896809160709381	2372
RPL15	26	30	jurkat	Jurkat	1	0.4896809160709381	2372
CCT3	1585	1683	jurkat	Jurkat	1	0.4896809160709381	2372
RPS8	126	54	jurkat	Jurkat	1	0.4896809160709381	2372
VPS37A	1521	1846	jurkat	Jurkat	1	0.4896809160709381	2372
KRT10	1956	1059	jurkat	Jurkat	1	0.4896809160709381	2372
C9orf78	644	567	jurkat	Jurkat	1	0.4896809160709381	2372
ORC4	698	60	jurkat	Jurkat	1	0.4896809160709381	2372
BORA	388	495	jurkat	Jurkat	1	0.4896809160709381	2372
HSPA8	1957	1772	jurkat	Jurkat	1	0.4896809160709381	2372
WBP1	1225	1246	jurkat	Jurkat	1	0.4896809160709381	2372
ZNF720	1489	1084	jurkat	Jurkat	1	0.4896809160709381	2372
SEC61A1	1349	11	jurkat	Jurkat	1	0.4896809160709381	2372
MRPS18C	1199	247	jurkat	Jurkat	1	0.4896809160709381	2372
SS18L2	630	919	jurkat	Jurkat	1	0.4896809160709381	2372
PSMC2	1449	1162	jurkat	Jurkat	1	0.4896809160709381	2372
PRPF19	1036	12	jurkat	Jurkat	1	0.4896809160709381	2372
TCOF1	114	757	jurkat	Jurkat	1	0.4896809160709381	2372
DBR1	726	1020	jurkat	Jurkat	1	0.4896809160709381	2372
GTF2F2	3	6	jurkat	Jurkat	1	0.4896809160709381	2372
CDK12	2057	1923	jurkat	Jurkat	1	0.4896809160709381	2372
NCAPD3	842	1015	jurkat	Jurkat	1	0.4896809160709381	2372
MCEE	4	45	jurkat	Jurkat	1	0.4896809160709381	2372
GRSF1	2075	1837	jurkat	Jurkat	1	0.4896809160709381	2372
CNIH4	215	159	jurkat	Jurkat	1	0.4896809160709381	2372
OR7A17	1290	887	jurkat	Jurkat	1	0.4896809160709381	2372
HYOU1	1	6	jurkat	Jurkat	1	0.4896809160709381	2372
RFC2	27	20	jurkat	Jurkat	1	0.4896809160709381	2372
ABT1	92	18	jurkat	Jurkat	1	0.4896809160709381	2372
MRPL22	34	24	jurkat	Jurkat	1	0.4896809160709381	2372
GART	18	84	jurkat	Jurkat	1	0.4896809160709381	2372
GTF3C1	1302	75	jurkat	Jurkat	1	0.4896809160709381	2372
EIF2B5	4	3	jurkat	Jurkat	1	0.4896809160709381	2372
WDR55	44	28	jurkat	Jurkat	1	0.4896809160709381	2372
KPNA6	765	729	jurkat	Jurkat	1	0.4896809160709381	2372
PLA2G10	912	156	jurkat	Jurkat	1	0.4896809160709381	2372
C1orf109	763	543	jurkat	Jurkat	1	0.4896809160709381	2372
UNC50	669	764	jurkat	Jurkat	1	0.4896809160709381	2372
DNAAF3	1005	819	jurkat	Jurkat	1	0.4896809160709381	2372
RNF20	1429	803	jurkat	Jurkat	1	0.4896809160709381	2372
EFTUD2	1601	654	jurkat	Jurkat	1	0.4896809160709381	2372
MYCBP	1030	651	jurkat	Jurkat	1	0.4896809160709381	2372
COQ5	617	28	jurkat	Jurkat	1	0.4896809160709381	2372
NANOG	257	216	jurkat	Jurkat	1	0.4896809160709381	2372
OGFOD1	972	6	jurkat	Jurkat	1	0.4896809160709381	2372
GSDMA	538	244	jurkat	Jurkat	1	0.4896809160709381	2372
COG8	599	227	jurkat	Jurkat	1	0.4896809160709381	2372
REV3L	1092	927	jurkat	Jurkat	1	0.4896809160709381	2372
INO80	24	191	jurkat	Jurkat	1	0.4896809160709381	2372
NAA50	434	90	jurkat	Jurkat	1	0.4896809160709381	2372
GTF3A	2036	2032	jurkat	Jurkat	1	0.4896809160709381	2372
DCTN3	1973	1652	jurkat	Jurkat	1	0.4896809160709381	2372
SMAGP	844	680	jurkat	Jurkat	1	0.4896809160709381	2372
SDR39U1	185	105	jurkat	Jurkat	1	0.4896809160709381	2372
UXT	12	14	jurkat	Jurkat	1	0.4896809160709381	2372
MRPL54	38	43	jurkat	Jurkat	1	0.4896809160709381	2372
TLN1	1355	1658	jurkat	Jurkat	1	0.4896809160709381	2372
GJA3	1602	943	jurkat	Jurkat	1	0.4896809160709381	2372
RNF113A	466	86	jurkat	Jurkat	1	0.4896809160709381	2372
EIF4G1	12	2	jurkat	Jurkat	1	0.4896809160709381	2372
MLLT6	1841	1951	jurkat	Jurkat	1	0.4896809160709381	2372
SRRM1	979	327	jurkat	Jurkat	1	0.4896809160709381	2372
SPCS3	1730	35	jurkat	Jurkat	1	0.4896809160709381	2372
TBC1D1	1173	244	jurkat	Jurkat	1	0.4896809160709381	2372
RFC5	143	62	jurkat	Jurkat	1	0.4896809160709381	2372
H3F3A	1704	1766	jurkat	Jurkat	1	0.4896809160709381	2372
NPM1	27	102	jurkat	Jurkat	1	0.4896809160709381	2372
SMC5	2	60	jurkat	Jurkat	1	0.4896809160709381	2372
CTBP2	451	367	jurkat	Jurkat	1	0.4896809160709381	2372
CEP97	1442	28	jurkat	Jurkat	1	0.4896809160709381	2372
NEDD1	830	710	jurkat	Jurkat	1	0.4896809160709381	2372
EIF3D	417	66	jurkat	Jurkat	1	0.4896809160709381	2372
DKC1	44	123	jurkat	Jurkat	1	0.4896809160709381	2372
UBR5	2171	1774	jurkat	Jurkat	1	0.4896809160709381	2372
RABGGTB	274	66	jurkat	Jurkat	1	0.4896809160709381	2372
UBAP1	590	512	jurkat	Jurkat	1	0.4896809160709381	2372
RPL34	30	18	jurkat	Jurkat	1	0.4896809160709381	2372
DARS	187	17	jurkat	Jurkat	1	0.4896809160709381	2372
COQ4	249	39	jurkat	Jurkat	1	0.4896809160709381	2372
GNPAT	79	56	jurkat	Jurkat	1	0.4896809160709381	2372
CWF19L2	2133	727	jurkat	Jurkat	1	0.4896809160709381	2372
HEATR1	778	18	jurkat	Jurkat	1	0.4896809160709381	2372
SLC2A8	527	487	jurkat	Jurkat	1	0.4896809160709381	2372
CCND3	43	137	jurkat	Jurkat	1	0.4896809160709381	2372
NUP153	1019	806	jurkat	Jurkat	1	0.4896809160709381	2372
THAP11	2160	2161	jurkat	Jurkat	1	0.4896809160709381	2372
METTL17	1059	495	jurkat	Jurkat	1	0.4896809160709381	2372
ICE1	9	5	jurkat	Jurkat	1	0.4896809160709381	2372
WDFY3	1854	1572	jurkat	Jurkat	1	0.4896809160709381	2372
INO80D	962	692	jurkat	Jurkat	1	0.4896809160709381	2372
ZNF658	785	1077	jurkat	Jurkat	1	0.4896809160709381	2372
ZNF207	382	862	jurkat	Jurkat	1	0.4896809160709381	2372
RRM2	2029	1915	jurkat	Jurkat	1	0.4896809160709381	2372
PPP4C	682	294	jurkat	Jurkat	1	0.4896809160709381	2372
LTBP4	496	384	jurkat	Jurkat	1	0.4896809160709381	2372
GIT2	191	178	jurkat	Jurkat	1	0.4896809160709381	2372
YPEL1	1748	1899	jurkat	Jurkat	1	0.4896809160709381	2372
EXOSC2	6	5	jurkat	Jurkat	1	0.4896809160709381	2372
ELP4	83	23	jurkat	Jurkat	1	0.4896809160709381	2372
PPIL1	1105	203	jurkat	Jurkat	1	0.4896809160709381	2372
RAE1	354	117	jurkat	Jurkat	1	0.4896809160709381	2372
KARS	46	14	jurkat	Jurkat	1	0.4896809160709381	2372
KDM5C	606	1081	jurkat	Jurkat	1	0.4896809160709381	2372
GATA1	1	112	jurkat	Jurkat	1	0.4896809160709381	2372
PC	1687	478	jurkat	Jurkat	1	0.4896809160709381	2372
COPS2	451	61	jurkat	Jurkat	1	0.4896809160709381	2372
ACD	163	515	jurkat	Jurkat	1	0.4896809160709381	2372
PSMD13	2245	1915	jurkat	Jurkat	1	0.4896809160709381	2372
RMI1	723	876	jurkat	Jurkat	1	0.4896809160709381	2372
MRPS31	563	88	jurkat	Jurkat	1	0.4896809160709381	2372
DHX16	812	7	jurkat	Jurkat	1	0.4896809160709381	2372
ACSS2	1	2	jurkat	Jurkat	1	0.4896809160709381	2372
VPS18	769	161	jurkat	Jurkat	1	0.4896809160709381	2372
UBE2Z	1345	659	jurkat	Jurkat	1	0.4896809160709381	2372
INPPL1	1939	1890	jurkat	Jurkat	1	0.4896809160709381	2372
IRF2BP2	1700	1878	jurkat	Jurkat	1	0.4896809160709381	2372
GPKOW	1158	1607	jurkat	Jurkat	1	0.4896809160709381	2372
NCBP2	67	16	jurkat	Jurkat	1	0.4896809160709381	2372
UBE2N	1370	943	jurkat	Jurkat	1	0.4896809160709381	2372
RAB6A	1139	683	jurkat	Jurkat	1	0.4896809160709381	2372
NEPRO	67	37	jurkat	Jurkat	1	0.4896809160709381	2372
U2SURP	286	37	jurkat	Jurkat	1	0.4896809160709381	2372
METTL21A	193	188	jurkat	Jurkat	1	0.4896809160709381	2372
FGFR1OP	554	1266	jurkat	Jurkat	1	0.4896809160709381	2372
EEF1B2	416	440	jurkat	Jurkat	1	0.4896809160709381	2372
OR1D2	1414	1625	jurkat	Jurkat	1	0.4896809160709381	2372
TARS	134	9	jurkat	Jurkat	1	0.4896809160709381	2372
LCE1C	2186	2299	jurkat	Jurkat	1	0.4896809160709381	2372
RNF168	643	196	jurkat	Jurkat	1	0.4896809160709381	2372
SP2	565	1049	jurkat	Jurkat	1	0.4896809160709381	2372
TONSL	139	94	jurkat	Jurkat	1	0.4896809160709381	2372
RPL37	137	94	jurkat	Jurkat	1	0.4896809160709381	2372
AARS2	42	25	jurkat	Jurkat	1	0.4896809160709381	2372
BRF2	243	78	jurkat	Jurkat	1	0.4896809160709381	2372
PABPC1	10	787	jurkat	Jurkat	1	0.4896809160709381	2372
MRPS10	104	9	jurkat	Jurkat	1	0.4896809160709381	2372
ATP2A2	910	740	jurkat	Jurkat	1	0.4896809160709381	2372
PIAS1	949	1003	jurkat	Jurkat	1	0.4896809160709381	2372
VPS28	2017	1224	jurkat	Jurkat	1	0.4896809160709381	2372
PRKRA	896	1044	jurkat	Jurkat	1	0.4896809160709381	2372
CBLL1	115	151	jurkat	Jurkat	1	0.4896809160709381	2372
NDUFB10	575	123	jurkat	Jurkat	1	0.4896809160709381	2372
NDUFB3	1485	656	jurkat	Jurkat	1	0.4896809160709381	2372
MST1	365	105	jurkat	Jurkat	1	0.4896809160709381	2372
DCTN5	942	264	jurkat	Jurkat	1	0.4896809160709381	2372
YBX1	1209	1618	jurkat	Jurkat	1	0.4896809160709381	2372
PEF1	515	1245	jurkat	Jurkat	1	0.4896809160709381	2372
SPTSSA	735	312	jurkat	Jurkat	1	0.4896809160709381	2372
POLR3E	2110	1185	jurkat	Jurkat	1	0.4896809160709381	2372
ITGB1BP1	1684	1416	jurkat	Jurkat	1	0.4896809160709381	2372
MARS	183	8	jurkat	Jurkat	1	0.4896809160709381	2372
BRD8	55	115	jurkat	Jurkat	1	0.4896809160709381	2372
GTF2H2	212	36	jurkat	Jurkat	1	0.4896809160709381	2372
H2AFX	1847	2111	jurkat	Jurkat	1	0.4896809160709381	2372
NUP133	2036	1739	jurkat	Jurkat	1	0.4896809160709381	2372
CEP192	159	222	jurkat	Jurkat	1	0.4896809160709381	2372
SNRPB	517	92	jurkat	Jurkat	1	0.4896809160709381	2372
MRPL21	49	38	jurkat	Jurkat	1	0.4896809160709381	2372
COTL1	1352	36	jurkat	Jurkat	1	0.4896809160709381	2372
SGPP1	1092	944	jurkat	Jurkat	1	0.4896809160709381	2372
MRPS33	594	172	jurkat	Jurkat	1	0.4896809160709381	2372
RPSA	3	30	jurkat	Jurkat	1	0.4896809160709381	2372
SMU1	520	454	jurkat	Jurkat	1	0.4896809160709381	2372
CHMP7	6	73	jurkat	Jurkat	1	0.4896809160709381	2372
TDGF1	1477	1690	jurkat	Jurkat	1	0.4896809160709381	2372
RFC3	13	15	jurkat	Jurkat	1	0.4896809160709381	2372
CENPK	119	132	jurkat	Jurkat	1	0.4896809160709381	2372
MYB	1563	1799	jurkat	Jurkat	1	0.4896809160709381	2372
MRPS27	38	4	jurkat	Jurkat	1	0.4896809160709381	2372
SF3A1	1116	1352	jurkat	Jurkat	1	0.4896809160709381	2372
RBM22	1088	685	jurkat	Jurkat	1	0.4896809160709381	2372
FTSJ3	143	45	jurkat	Jurkat	1	0.4896809160709381	2372
RPLP1	35	207	jurkat	Jurkat	1	0.4896809160709381	2372
LAMB1	408	392	jurkat	Jurkat	1	0.4896809160709381	2372
POLR2L	2	6	jurkat	Jurkat	1	0.4896809160709381	2372
EIF4E	63	6	jurkat	Jurkat	1	0.4896809160709381	2372
KATNB1	495	12	jurkat	Jurkat	1	0.4896809160709381	2372
ZMAT2	157	15	jurkat	Jurkat	1	0.4896809160709381	2372
SAE1	889	341	jurkat	Jurkat	1	0.4896809160709381	2372
GMIP	601	18	jurkat	Jurkat	1	0.4896809160709381	2372
U2AF2	144	233	jurkat	Jurkat	1	0.4896809160709381	2372
POLE	24	297	jurkat	Jurkat	1	0.4896809160709381	2372
AGBL5	1985	1984	jurkat	Jurkat	1	0.4896809160709381	2372
GAK	151	997	jurkat	Jurkat	1	0.4896809160709381	2372
TAF1B	270	143	jurkat	Jurkat	1	0.4896809160709381	2372
MRPL1	58	4	jurkat	Jurkat	1	0.4896809160709381	2372
HTATSF1	1263	759	jurkat	Jurkat	1	0.4896809160709381	2372
ZNHIT6	35	19	jurkat	Jurkat	1	0.4896809160709381	2372
KIAA0586	238	36	jurkat	Jurkat	1	0.4896809160709381	2372
CDK7	283	235	jurkat	Jurkat	1	0.4896809160709381	2372
BUD13	898	5	jurkat	Jurkat	1	0.4896809160709381	2372
MED28	2	1	jurkat	Jurkat	1	0.4896809160709381	2372
KIF14	1763	1516	jurkat	Jurkat	1	0.4896809160709381	2372
PCM1	42	579	jurkat	Jurkat	1	0.4896809160709381	2372
DHFR	1073	1488	jurkat	Jurkat	1	0.4896809160709381	2372
SKP1	1837	1508	jurkat	Jurkat	1	0.4896809160709381	2372
CHMP4B	408	161	jurkat	Jurkat	1	0.4896809160709381	2372
CAD	274	179	jurkat	Jurkat	1	0.4896809160709381	2372
PRDM8	52	28	jurkat	Jurkat	1	0.4896809160709381	2372
PSMC1	1272	60	jurkat	Jurkat	1	0.4896809160709381	2372
SMNDC1	1756	243	jurkat	Jurkat	1	0.4896809160709381	2372
POLR2B	498	140	jurkat	Jurkat	1	0.4896809160709381	2372
MED27	445	215	jurkat	Jurkat	1	0.4896809160709381	2372
HCFC1	1354	536	jurkat	Jurkat	1	0.4896809160709381	2372
SMC1A	19	3	jurkat	Jurkat	1	0.4896809160709381	2372
PWP2	4	19	jurkat	Jurkat	1	0.4896809160709381	2372
SUPT5H	3	27	jurkat	Jurkat	1	0.4896809160709381	2372
UBC	1943	2289	jurkat	Jurkat	1	0.4896809160709381	2372
ATP6V0D1	646	966	jurkat	Jurkat	1	0.4896809160709381	2372
DPH3	1252	1619	jurkat	Jurkat	1	0.4896809160709381	2372
OR4N2	1280	1087	jurkat	Jurkat	1	0.4896809160709381	2372
MRPL11	33	33	jurkat	Jurkat	1	0.4896809160709381	2372
POLR2F	1	3	jurkat	Jurkat	1	0.4896809160709381	2372
WARS	827	90	jurkat	Jurkat	1	0.4896809160709381	2372
SRSF3	1209	1938	jurkat	Jurkat	1	0.4896809160709381	2372
GBF1	672	1	jurkat	Jurkat	1	0.4896809160709381	2372
MRPL20	1914	1052	jurkat	Jurkat	1	0.4896809160709381	2372
ORC6	71	151	jurkat	Jurkat	1	0.4896809160709381	2372
PGK1	1220	761	jurkat	Jurkat	1	0.4896809160709381	2372
PIAS4	1661	1876	jurkat	Jurkat	1	0.4896809160709381	2372
RSRC2	1791	1548	jurkat	Jurkat	1	0.4896809160709381	2372
CDC26	1738	2042	jurkat	Jurkat	1	0.4896809160709381	2372
XRN1	343	1	jurkat	Jurkat	1	0.4896809160709381	2372
LUC7L3	1228	961	jurkat	Jurkat	1	0.4896809160709381	2372
PSMD11	346	558	jurkat	Jurkat	1	0.4896809160709381	2372
GTF2F1	1278	1579	jurkat	Jurkat	1	0.4896809160709381	2372
HIST2H2AA3	1178	590	jurkat	Jurkat	1	0.4896809160709381	2372
NFYC	5	3	jurkat	Jurkat	1	0.4896809160709381	2372
EIF3G	26	2	jurkat	Jurkat	1	0.4896809160709381	2372
ATP6V1C1	1558	1740	jurkat	Jurkat	1	0.4896809160709381	2372
PRPF3	383	23	jurkat	Jurkat	1	0.4896809160709381	2372
EXOSC6	38	28	jurkat	Jurkat	1	0.4896809160709381	2372
MAT2A	2295	2244	jurkat	Jurkat	1	0.4896809160709381	2372
PPIE	272	38	jurkat	Jurkat	1	0.4896809160709381	2372
SMC3	185	17	jurkat	Jurkat	1	0.4896809160709381	2372
GPN1	134	81	jurkat	Jurkat	1	0.4896809160709381	2372
HSPA5	1384	389	jurkat	Jurkat	1	0.4896809160709381	2372
CCP110	153	83	jurkat	Jurkat	1	0.4896809160709381	2372
SNAPC2	683	80	jurkat	Jurkat	1	0.4896809160709381	2372
SMC6	270	142	jurkat	Jurkat	1	0.4896809160709381	2372
ZC3H18	205	91	jurkat	Jurkat	1	0.4896809160709381	2372
PSMD1	835	49	jurkat	Jurkat	1	0.4896809160709381	2372
NSL1	1371	954	jurkat	Jurkat	1	0.4896809160709381	2372
PPP1R15B	1246	481	jurkat	Jurkat	1	0.4896809160709381	2372
PLRG1	1239	9	jurkat	Jurkat	1	0.4896809160709381	2372
ACTL6A	1644	818	jurkat	Jurkat	1	0.4896809160709381	2372
MED16	851	684	jurkat	Jurkat	1	0.4896809160709381	2372
HNRNPC	243	5	jurkat	Jurkat	1	0.4896809160709381	2372
SEC13	1281	1677	jurkat	Jurkat	1	0.4896809160709381	2372
NDUFA2	1737	1359	jurkat	Jurkat	1	0.4896809160709381	2372
TRPM7	738	822	jurkat	Jurkat	1	0.4896809160709381	2372
ATP6AP1	1129	59	jurkat	Jurkat	1	0.4896809160709381	2372
CENPI	1981	1952	jurkat	Jurkat	1	0.4896809160709381	2372
